Tiempo(s),X(km),Y(km),Z(km),Velocidad(km/s),DistanciaTierra(km),DistanciaLuna(km),Altitud(km)
0,-24468.232,-12677.926,-6901.348,4.2977,28408.675,366741.693,22030.538
66,-24588.079,-12901.973,-7022.497,4.2710,28641.753,366577.910,22263.616
362,-25107.400,-13901.530,-7563.004,4.1561,29678.833,365863.087,23300.696
602,-25502.919,-14696.801,-7993.003,4.0681,30500.540,365312.625,24122.403
842,-25877.791,-15480.178,-8416.532,3.9845,31307.091,364785.656,24928.954
1082,-26233.289,-16251.971,-8833.763,3.9049,32099.024,364280.820,25720.887
1322,-26570.566,-17012.481,-9244.859,3.8289,32876.845,363796.885,26498.708
1562,-26890.669,-17761.998,-9649.982,3.7563,33641.029,363332.722,27262.892
1802,-27194.549,-18500.803,-10049.283,3.6867,34392.024,362887.302,28013.887
2042,-27483.074,-19229.164,-10442.911,3.6201,35130.250,362459.680,28752.113
2282,-27757.039,-19947.341,-10831.008,3.5560,35856.107,362048.984,29477.970
2522,-28017.176,-20655.582,-11213.709,3.4945,36569.967,361654.413,30191.830
2762,-28264.155,-21354.126,-11591.145,3.4352,37272.186,361275.223,30894.049
3002,-28498.599,-22043.199,-11963.441,3.3781,37963.096,360910.725,31584.959
3242,-28721.080,-22723.022,-12330.715,3.3229,38643.016,360560.281,32264.879
3482,-28932.131,-23393.802,-12693.081,3.2697,39312.244,360223.295,32934.107
3722,-29132.246,-24055.741,-13050.651,3.2182,39971.063,359899.210,33592.926
3962,-29321.885,-24709.031,-13403.527,3.1683,40619.745,359587.509,34241.608
4202,-29501.477,-25353.855,-13751.811,3.1200,41258.544,359287.704,34880.407
4317,-29584.090,-25660.574,-13917.499,3.0970,41561.764,359147.995,35183.627
4422,-29657.409,-25938.362,-14067.535,3.0767,41836.061,359023.016,35457.924
4527,-29728.947,-26214.593,-14216.726,3.0566,42108.556,358900.151,35730.419
4632,-29798.736,-26489.280,-14365.081,3.0367,42379.266,358779.366,36001.129
4737,-29866.804,-26762.439,-14512.606,3.0171,42648.210,358660.628,36270.073
4842,-29933.180,-27034.081,-14659.310,2.9978,42915.407,358543.903,36537.270
4947,-29997.892,-27304.220,-14805.197,2.9787,43180.873,358429.159,36802.736
5052,-30060.967,-27572.869,-14950.277,2.9598,43444.627,358316.366,37066.490
5157,-30122.430,-27840.040,-15094.556,2.9411,43706.684,358205.493,37328.547
5262,-30182.308,-28105.746,-15238.039,2.9227,43967.062,358096.511,37588.925
5327,-30217.260,-28267.398,-15325.347,2.9092,44124.764,358031.689,37746.627
5600,-30359.521,-28948.953,-15695.357,2.8632,44789.358,357763.417,38411.221
5840,-30476.012,-29540.481,-16014.982,2.8235,45364.159,357537.872,38986.022
6080,-30585.008,-30124.743,-16330.667,2.7848,45930.747,357321.294,39552.610
6320,-30686.756,-30701.867,-16642.483,2.7471,46489.287,357113.392,40111.150
6560,-30781.491,-31271.974,-16950.495,2.7104,47039.939,356913.892,40661.802
6800,-30869.436,-31835.183,-17254.768,2.6745,47582.854,356722.532,41204.717
7040,-30950.803,-32391.607,-17555.364,2.6394,48118.179,356539.064,41740.042
7280,-31025.790,-32941.355,-17852.340,2.6051,48646.054,356363.252,42267.917
7520,-31094.590,-33484.533,-18145.757,2.5716,49166.614,356194.870,42788.477
7760,-31157.382,-34021.242,-18435.667,2.5388,49679.988,356033.702,43301.851
8000,-31214.341,-34551.580,-18722.125,2.5067,50186.300,355879.545,43808.163
8240,-31265.630,-35075.642,-19005.181,2.4753,50685.671,355732.201,44307.534
8480,-31311.406,-35593.519,-19284.887,2.4445,51178.214,355591.483,44800.077
8720,-31351.819,-36105.299,-19561.289,2.4144,51664.041,355457.212,45285.904
8960,-31387.012,-36611.068,-19834.433,2.3848,52143.260,355329.216,45765.123
9200,-31417.122,-37110.907,-20104.366,2.3558,52615.972,355207.330,46237.835
9440,-31442.281,-37604.896,-20371.129,2.3274,53082.277,355091.397,46704.140
9680,-31462.613,-38093.112,-20634.765,2.2995,53542.271,354981.264,47164.134
9920,-31478.240,-38575.631,-20895.314,2.2722,53996.046,354876.787,47617.909
10160,-31489.275,-39052.522,-21152.815,2.2453,54443.692,354777.826,48065.555
10400,-31495.832,-39523.858,-21407.306,2.2189,54885.294,354684.246,48507.157
10640,-31498.014,-39989.705,-21658.825,2.1930,55320.937,354595.919,48942.800
10880,-31495.926,-40450.128,-21907.406,2.1675,55750.701,354512.719,49372.564
11120,-31489.665,-40905.191,-22153.084,2.1425,56174.663,354434.527,49796.526
11360,-31479.325,-41354.956,-22395.892,2.1178,56592.900,354361.227,50214.763
11600,-31464.999,-41799.483,-22635.864,2.0936,57005.484,354292.709,50627.347
11840,-31446.773,-42238.828,-22873.029,2.0698,57412.486,354228.865,51034.349
12080,-31424.732,-42673.048,-23107.419,2.0464,57813.975,354169.592,51435.838
12320,-31398.958,-43102.198,-23339.064,2.0233,58210.016,354114.789,51831.879
12560,-31369.530,-43526.331,-23567.991,2.0006,58600.675,354064.360,52222.538
12800,-31336.523,-43945.497,-23794.230,1.9783,58986.013,354018.212,52607.876
13040,-31300.011,-44359.746,-24017.806,1.9563,59366.091,353976.255,52987.954
13280,-31260.064,-44769.128,-24238.746,1.9347,59740.968,353938.401,53362.831
13520,-31216.752,-45173.688,-24457.076,1.9133,60110.700,353904.567,53732.563
13760,-31170.141,-45573.473,-24672.821,1.8923,60475.343,353874.671,54097.206
14000,-31120.294,-45968.526,-24886.004,1.8716,60834.951,353848.633,54456.814
14240,-31067.274,-46358.892,-25096.649,1.8512,61189.576,353826.378,54811.439
14480,-31011.142,-46744.611,-25304.778,1.8311,61539.267,353807.831,55161.130
14720,-30951.955,-47125.726,-25510.415,1.8113,61884.075,353792.921,55505.938
14960,-30889.770,-47502.274,-25713.580,1.7917,62224.048,353781.578,55845.911
15200,-30824.642,-47874.295,-25914.294,1.7725,62559.230,353773.734,56181.093
15440,-30756.623,-48241.827,-26112.578,1.7535,62889.669,353769.325,56511.532
15680,-30685.767,-48604.905,-26308.451,1.7348,63215.407,353768.287,56837.270
15920,-30612.122,-48963.565,-26501.933,1.7163,63536.487,353770.557,57158.350
16160,-30535.737,-49317.842,-26693.043,1.6981,63852.951,353776.077,57474.814
16400,-30456.660,-49667.770,-26881.798,1.6801,64164.839,353784.789,57786.702
16640,-30374.936,-50013.381,-27068.217,1.6624,64472.191,353796.636,58094.054
16880,-30290.611,-50354.706,-27252.317,1.6449,64775.044,353811.562,58396.907
17120,-30203.728,-50691.777,-27434.114,1.6277,65073.436,353829.516,58695.299
17360,-30114.328,-51024.625,-27613.625,1.6107,65367.403,353850.446,58989.266
17600,-30022.454,-51353.278,-27790.866,1.5939,65656.981,353874.300,59278.844
17840,-29928.145,-51677.765,-27965.852,1.5773,65942.203,353901.031,59564.066
18080,-29831.441,-51998.113,-28138.599,1.5610,66223.103,353930.590,59844.966
18320,-29732.378,-52314.351,-28309.122,1.5448,66499.714,353962.932,60121.577
18560,-29630.995,-52626.504,-28477.434,1.5289,66772.068,353998.011,60393.931
18800,-29527.327,-52934.598,-28643.549,1.5132,67040.194,354035.784,60662.057
19040,-29421.410,-53238.658,-28807.482,1.4977,67304.124,354076.209,60925.987
19141,-29376.043,-53365.779,-28876.015,1.4913,67414.260,354094.055,61036.123
19381,-29266.986,-53664.144,-29036.867,1.4761,67672.272,354138.178,61294.135
19621,-29155.761,-53958.534,-29195.566,1.4611,67926.158,354184.854,61548.021
19861,-29042.402,-54248.970,-29352.127,1.4463,68175.943,354234.044,61797.806
20101,-28926.938,-54535.476,-29506.561,1.4317,68421.656,354285.709,62043.519
20341,-28809.402,-54818.072,-29658.880,1.4173,68663.322,354339.814,62285.185
20581,-28689.824,-55096.780,-29809.095,1.4031,68900.967,354396.322,62522.830
20821,-28568.232,-55371.620,-29957.217,1.3891,69134.616,354455.198,62756.479
21061,-28444.656,-55642.613,-30103.258,1.3753,69364.292,354516.409,62986.155
21301,-28319.124,-55909.778,-30247.228,1.3616,69590.019,354579.920,63211.882
21541,-28191.663,-56173.133,-30389.136,1.3482,69811.821,354645.699,63433.684
21781,-28062.300,-56432.697,-30528.994,1.3350,70029.718,354713.716,63651.581
22021,-27931.062,-56688.489,-30666.811,1.3219,70243.735,354783.939,63865.598
22261,-27797.974,-56940.524,-30802.596,1.3090,70453.890,354856.338,64075.753
22501,-27663.062,-57188.822,-30936.359,1.2964,70660.205,354930.883,64282.068
22741,-27526.350,-57433.397,-31068.108,1.2839,70862.701,355007.548,64484.564
22981,-27387.863,-57674.266,-31197.852,1.2715,71061.396,355086.303,64683.259
23221,-27247.625,-57911.445,-31325.600,1.2594,71256.310,355167.121,64878.173
23461,-27105.657,-58144.948,-31451.360,1.2475,71447.461,355249.976,65069.324
23701,-26961.985,-58374.791,-31575.140,1.2357,71634.868,355334.843,65256.731
23941,-26816.628,-58600.988,-31696.948,1.2241,71818.548,355421.695,65440.411
24181,-26669.611,-58823.552,-31816.790,1.2128,71998.518,355510.510,65620.381
24421,-26520.953,-59042.497,-31934.676,1.2016,72174.794,355601.261,65796.657
24661,-26370.677,-59257.836,-32050.611,1.1905,72347.394,355693.927,65969.257
24901,-26218.802,-59469.582,-32164.602,1.1797,72516.332,355788.485,66138.195
25141,-26065.349,-59677.748,-32276.657,1.1691,72681.625,355884.911,66303.488
25381,-25910.339,-59882.344,-32386.781,1.1586,72843.286,355983.185,66465.149
25621,-25753.790,-60083.383,-32494.981,1.1483,73001.331,356083.286,66623.194
25861,-25595.721,-60280.876,-32601.264,1.1382,73155.774,356185.192,66777.637
26101,-25436.152,-60474.833,-32705.634,1.1283,73306.629,356288.884,66928.492
26341,-25275.102,-60665.265,-32808.098,1.1186,73453.907,356394.341,67075.770
26581,-25112.588,-60852.183,-32908.661,1.1091,73597.624,356501.546,67219.487
26821,-24948.628,-61035.596,-33007.329,1.0998,73737.791,356610.479,67359.654
27061,-24783.240,-61215.513,-33104.106,1.0907,73874.420,356721.121,67496.283
27301,-24616.442,-61391.943,-33198.998,1.0817,74007.523,356833.455,67629.386
27541,-24448.250,-61564.896,-33292.009,1.0730,74137.111,356947.465,67758.974
27781,-24278.681,-61734.380,-33383.145,1.0644,74263.197,357063.132,67885.060
28021,-24107.751,-61900.403,-33472.408,1.0561,74385.789,357180.440,68007.652
28261,-23935.478,-62062.972,-33559.804,1.0479,74504.900,357299.373,68126.763
28501,-23761.876,-62222.096,-33645.337,1.0400,74620.538,357419.916,68242.401
28741,-23586.962,-62377.781,-33729.011,1.0323,74732.714,357542.053,68354.577
29033,-23362.579,-62557.265,-33821.413,1.0231,74853.921,357703.568,68475.784
29273,-23184.717,-62705.255,-33900.908,1.0158,74958.333,357829.294,68580.196
29513,-23005.591,-62849.827,-33978.555,1.0087,75059.311,357956.568,68681.174
29753,-22825.218,-62990.986,-34054.358,1.0018,75156.864,358085.376,68778.727
29993,-22643.610,-63128.738,-34128.318,0.9952,75250.998,358215.704,68872.861
30233,-22460.784,-63263.088,-34200.439,0.9888,75341.722,358347.540,68963.585
30473,-22276.752,-63394.042,-34270.723,0.9826,75429.044,358480.871,69050.907
30713,-22091.528,-63521.603,-34339.175,0.9766,75512.970,358615.685,69134.833
30953,-21905.128,-63645.778,-34405.794,0.9708,75593.507,358751.968,69215.370
31193,-21717.564,-63766.569,-34470.585,0.9652,75670.662,358889.711,69292.525
31433,-21528.850,-63883.981,-34533.550,0.9599,75744.441,359028.900,69366.304
31673,-21338.998,-63998.017,-34594.689,0.9548,75814.850,359169.526,69436.713
31913,-21148.024,-64108.681,-34654.006,0.9499,75881.895,359311.577,69503.758
32153,-20955.938,-64215.976,-34711.501,0.9452,75945.581,359455.043,69567.444
32393,-20762.755,-64319.905,-34767.177,0.9408,76005.913,359599.913,69627.776
32633,-20568.487,-64420.470,-34821.035,0.9366,76062.896,359746.178,69684.759
32873,-20373.146,-64517.674,-34873.075,0.9327,76116.534,359893.827,69738.397
33113,-20176.746,-64611.519,-34923.300,0.9290,76166.832,360042.853,69788.695
33353,-19979.297,-64702.006,-34971.710,0.9255,76213.794,360193.244,69835.657
33593,-19780.813,-64789.137,-35018.306,0.9222,76257.423,360344.993,69879.286
33833,-19581.305,-64872.913,-35063.089,0.9192,76297.723,360498.091,69919.586
34073,-19380.786,-64953.335,-35106.059,0.9165,76334.698,360652.530,69956.561
34313,-19179.267,-65030.405,-35147.217,0.9140,76368.349,360808.300,69990.212
34553,-18976.760,-65104.121,-35186.563,0.9117,76398.680,360965.396,70020.543
34793,-18773.277,-65174.486,-35224.097,0.9097,76425.693,361123.808,70047.556
35033,-18568.828,-65241.497,-35259.819,0.9079,76449.390,361283.530,70071.253
35273,-18363.426,-65305.156,-35293.729,0.9063,76469.773,361444.555,70091.636
35513,-18157.082,-65365.462,-35325.826,0.9051,76486.843,361606.875,70108.706
35753,-17949.807,-65422.413,-35356.111,0.9040,76500.603,361770.484,70122.466
35993,-17741.611,-65476.009,-35384.582,0.9032,76511.053,361935.375,70132.916
36233,-17532.507,-65526.248,-35411.240,0.9027,76518.193,362101.543,70140.056
36473,-17322.505,-65573.129,-35436.082,0.9024,76522.025,362268.981,70143.888
36613,-17199.307,-65598.983,-35449.766,0.9023,76522.733,362367.467,70144.596
36878,-16964.318,-65644.962,-35473.145,0.9077,76520.541,362556.141,70142.404
37100,-16766.970,-65680.265,-35490.925,0.9081,76515.582,362715.138,70137.445
37322,-16568.889,-65712.695,-35507.154,0.9086,76507.805,362875.202,70129.668
37543,-16370.084,-65742.249,-35521.829,0.9094,76497.211,363036.329,70119.074
37765,-16170.562,-65768.926,-35534.949,0.9104,76483.798,363198.515,70105.661
37987,-15970.333,-65792.723,-35546.512,0.9116,76467.565,363361.756,70089.428
38208,-15769.405,-65813.637,-35556.518,0.9131,76448.511,363526.049,70070.374
38430,-15567.786,-65831.664,-35564.965,0.9147,76426.636,363691.390,70048.499
38652,-15365.484,-65846.802,-35571.851,0.9165,76401.937,363857.776,70023.800
38874,-15162.517,-65859.141,-35577.172,0.9186,76374.496,364025.186,69996.359
38992,-15054.073,-65864.486,-35579.370,0.9198,76358.675,364114.836,69980.538
39110,-14945.441,-65869.008,-35581.124,0.9210,76342.051,364204.782,69963.914
39228,-14836.622,-65872.706,-35582.433,0.9223,76324.624,364295.021,69946.487
39346,-14727.617,-65875.579,-35583.296,0.9236,76306.393,364385.555,69928.256
39464,-14618.428,-65877.627,-35583.714,0.9250,76287.357,364476.381,69909.220
39582,-14509.057,-65878.850,-35583.686,0.9265,76267.518,364567.501,69889.381
39701,-14399.503,-65879.246,-35583.211,0.9280,76246.873,364658.913,69868.736
39819,-14289.769,-65878.815,-35582.290,0.9296,76225.423,364750.617,69847.286
39937,-14179.855,-65877.556,-35580.921,0.9313,76203.167,364842.614,69825.030
40055,-14069.763,-65875.469,-35579.105,0.9330,76180.105,364934.901,69801.968
40295,-13845.588,-65868.676,-35574.037,0.9366,76130.775,365123.263,69752.638
40535,-13620.692,-65858.455,-35567.118,0.9404,76078.113,365312.824,69699.976
40775,-13395.087,-65844.800,-35558.344,0.9445,76022.114,365503.580,69643.977
41015,-13168.782,-65827.703,-35547.712,0.9489,75962.775,365695.530,69584.638
41255,-12941.789,-65807.159,-35535.217,0.9534,75900.090,365888.672,69521.953
41495,-12714.116,-65783.158,-35520.856,0.9582,75834.055,366083.002,69455.918
41735,-12485.774,-65755.694,-35504.625,0.9632,75764.663,366278.521,69386.526
41975,-12256.774,-65724.758,-35486.520,0.9684,75691.911,366475.224,69313.774
42215,-12027.125,-65690.341,-35466.535,0.9739,75615.791,366673.112,69237.654
42455,-11796.838,-65652.436,-35444.667,0.9796,75536.297,366872.183,69158.160
42695,-11565.924,-65611.034,-35420.910,0.9855,75453.424,367072.435,69075.287
42935,-11334.391,-65566.124,-35395.260,0.9916,75367.165,367273.868,68989.028
43175,-11102.252,-65517.697,-35367.712,0.9979,75277.511,367476.480,68899.374
43415,-10869.515,-65465.744,-35338.259,1.0045,75184.457,367680.272,68806.320
43655,-10636.192,-65410.254,-35306.898,1.0112,75087.994,367885.241,68709.857
43895,-10402.292,-65351.216,-35273.621,1.0182,74988.115,368091.388,68609.978
44135,-10167.826,-65288.619,-35238.424,1.0254,74884.812,368298.713,68506.675
44375,-9932.805,-65222.453,-35201.299,1.0327,74778.075,368507.215,68399.938
44615,-9697.239,-65152.705,-35162.242,1.0403,74667.895,368716.894,68289.758
44855,-9461.139,-65079.363,-35121.245,1.0481,74554.265,368927.751,68176.128
45095,-9224.515,-65002.415,-35078.302,1.0561,74437.174,369139.786,68059.037
45335,-8987.378,-64921.848,-35033.406,1.0643,74316.612,369353.000,67938.475
45575,-8749.739,-64837.649,-34986.550,1.0727,74192.569,369567.392,67814.432
45815,-8511.609,-64749.805,-34937.727,1.0813,74065.035,369782.964,67686.898
46055,-8272.998,-64658.301,-34886.929,1.0901,73933.999,369999.717,67555.862
46295,-8033.917,-64563.124,-34834.149,1.0990,73799.450,370217.652,67421.313
46535,-7794.378,-64464.259,-34779.379,1.1082,73661.375,370436.769,67283.238
46775,-7554.392,-64361.690,-34722.611,1.1176,73519.764,370657.071,67141.627
47015,-7313.969,-64255.402,-34663.837,1.1271,73374.603,370878.559,66996.466
47255,-7073.122,-64145.379,-34603.048,1.1369,73225.880,371101.234,66847.743
47495,-6831.862,-64031.604,-34540.235,1.1468,73073.583,371325.098,66695.446
47735,-6590.201,-63914.062,-34475.389,1.1569,72917.697,371550.153,66539.560
47975,-6348.150,-63792.735,-34408.502,1.1672,72758.209,371776.401,66380.072
48215,-6105.720,-63667.604,-34339.563,1.1777,72595.105,372003.845,66216.968
48455,-5862.925,-63538.652,-34268.563,1.1884,72428.369,372232.486,66050.232
48695,-5619.776,-63405.860,-34195.493,1.1993,72257.987,372462.327,65879.850
48935,-5376.285,-63269.210,-34120.341,1.2104,72083.944,372693.371,65705.807
49175,-5132.465,-63128.680,-34043.097,1.2216,71906.223,372925.620,65528.086
49415,-4888.329,-62984.252,-33963.751,1.2330,71724.808,373159.077,65346.671
49655,-4643.889,-62835.904,-33882.291,1.2446,71539.683,373393.746,65161.546
49895,-4399.158,-62683.616,-33798.706,1.2564,71350.829,373629.628,64972.692
50135,-4154.150,-62527.365,-33712.984,1.2684,71158.230,373866.728,64780.093
50375,-3908.877,-62367.130,-33625.114,1.2806,70961.867,374105.049,64583.730
50615,-3663.354,-62202.887,-33535.084,1.2929,70761.721,374344.595,64383.584
50855,-3417.594,-62034.612,-33442.880,1.3054,70557.773,374585.368,64179.636
51095,-3171.610,-61862.283,-33348.490,1.3182,70350.003,374827.373,63971.866
51335,-2925.418,-61685.874,-33251.900,1.3311,70138.392,375070.614,63760.255
51575,-2679.032,-61505.360,-33153.098,1.3441,69922.917,375315.094,63544.780
51815,-2432.466,-61320.715,-33052.069,1.3574,69703.559,375560.817,63325.422
52055,-2185.736,-61131.912,-32948.798,1.3709,69480.295,375807.789,63102.158
52295,-1938.857,-60938.924,-32843.272,1.3846,69253.102,376056.012,62874.965
52535,-1691.843,-60741.723,-32735.476,1.3984,69021.958,376305.493,62643.821
52775,-1444.713,-60540.281,-32625.394,1.4125,68786.839,376556.234,62408.702
53015,-1197.480,-60334.568,-32513.009,1.4267,68547.719,376808.242,62169.582
53255,-950.163,-60124.554,-32398.307,1.4411,68304.576,377061.520,61926.439
53495,-702.778,-59910.207,-32281.271,1.4558,68057.382,377316.074,61679.245
53735,-455.341,-59691.497,-32161.883,1.4706,67806.112,377571.908,61427.975
53975,-207.872,-59468.390,-32040.126,1.4856,67550.739,377829.028,61172.602
54215,39.612,-59240.853,-31915.983,1.5009,67291.234,378087.438,60913.097
54455,287.093,-59008.852,-31789.434,1.5163,67027.570,378347.145,60649.433
54695,534.552,-58772.351,-31660.461,1.5320,66759.717,378608.154,60381.580
54935,781.969,-58531.315,-31529.045,1.5478,66487.645,378870.469,60109.508
55175,1029.325,-58285.706,-31395.166,1.5639,66211.325,379134.098,59833.188
55415,1276.599,-58035.487,-31258.803,1.5802,65930.723,379399.044,59552.586
55655,1523.770,-57780.618,-31119.935,1.5967,65645.807,379665.315,59267.670
55895,1770.818,-57521.059,-30978.542,1.6135,65356.546,379932.915,58978.409
56135,2017.719,-57256.769,-30834.600,1.6305,65062.903,380201.852,58684.766
56375,2264.451,-56987.705,-30688.088,1.6477,64764.844,380472.130,58386.707
56615,2510.992,-56713.825,-30538.982,1.6651,64462.334,380743.755,58084.197
56855,2757.318,-56435.083,-30387.258,1.6828,64155.334,381016.735,57777.197
57095,3003.403,-56151.434,-30232.892,1.7007,63843.807,381291.074,57465.670
57335,3249.223,-55862.830,-30075.858,1.7189,63527.714,381566.780,57149.577
57575,3494.751,-55569.223,-29916.130,1.7373,63207.015,381843.858,56828.878
57815,3739.962,-55270.564,-29753.682,1.7560,62881.668,382122.314,56503.531
58055,3984.827,-54966.800,-29588.486,1.7749,62551.630,382402.155,56173.493
58295,4229.317,-54657.880,-29420.514,1.7941,62216.859,382683.387,55838.722
58535,4473.404,-54343.748,-29249.737,1.8136,61877.309,382966.017,55499.172
58775,4717.057,-54024.349,-29076.126,1.8334,61532.935,383250.050,55154.798
58880,4822.185,-53884.688,-28997.684,1.8421,61381.421,383373.418,55003.284
59120,5065.167,-53557.627,-28819.960,1.8623,61030.037,383659.483,54651.900
59360,5307.638,-53225.155,-28639.324,1.8828,60673.709,383946.966,54295.572
59600,5549.563,-52887.212,-28455.744,1.9036,60312.388,384235.875,53934.251
59840,5790.906,-52543.733,-28269.186,1.9247,59946.020,384526.214,53567.883
60080,6031.632,-52194.654,-28079.615,1.9461,59574.552,384817.990,53196.415
60320,6271.703,-51839.907,-27886.994,1.9678,59197.928,385111.209,52819.791
60560,6511.079,-51479.422,-27691.287,1.9899,58816.089,385405.876,52437.952
60800,6749.720,-51113.127,-27492.454,2.0124,58428.978,385701.997,52050.841
61040,6987.584,-50740.949,-27290.457,2.0352,58036.534,385999.577,51658.397
61280,7224.627,-50362.811,-27085.253,2.0583,57638.693,386298.621,51260.556
61520,7460.804,-49978.634,-26876.802,2.0819,57235.390,386599.135,50857.253
61603,7542.194,-49844.479,-26804.018,2.0901,57094.765,386703.308,50716.628
61843,7777.130,-49452.047,-26591.128,2.1142,56684.008,387005.806,50305.871
62083,8011.084,-49053.380,-26374.885,2.1386,56267.630,387309.784,49889.493
62323,8244.006,-48648.392,-26155.243,2.1635,55845.558,387615.246,49467.421
62563,8475.840,-48236.989,-25932.152,2.1888,55417.718,387922.196,49039.581
62803,8706.531,-47819.079,-25705.563,2.2146,54984.033,388230.635,48605.896
63043,8936.018,-47394.563,-25475.423,2.2408,54544.424,388540.568,48166.287
63283,9164.241,-46963.342,-25241.678,2.2675,54098.808,388851.996,47720.671
63523,9391.135,-46525.309,-25004.272,2.2947,53647.101,389164.921,47268.964
63763,9616.632,-46080.358,-24763.147,2.3224,53189.213,389479.343,46811.076
64003,9840.661,-45628.375,-24518.244,2.3507,52725.055,389795.263,46346.918
64243,10063.148,-45169.244,-24269.499,2.3795,52254.532,390112.679,45876.395
64483,10284.015,-44702.844,-24016.849,2.4088,51777.546,390431.590,45399.409
64723,10503.181,-44229.049,-23760.226,2.4388,51293.995,390751.993,44915.858
64963,10720.559,-43747.730,-23499.560,2.4693,50803.775,391073.885,44425.638
65203,10936.060,-43258.750,-23234.779,2.5005,50306.777,391397.260,43928.640
65443,11149.588,-42761.968,-22965.807,2.5324,49802.886,391722.112,43424.749
65683,11361.043,-42257.237,-22692.566,2.5649,49291.986,392048.432,42913.849
65923,11570.320,-41744.405,-22414.974,2.5982,48773.955,392376.212,42395.818
66163,11777.306,-41223.311,-22132.946,2.6322,48248.664,392705.439,41870.527
66403,11981.885,-40693.790,-21846.393,2.6670,47715.983,393036.099,41337.846
66643,12183.930,-40155.668,-21555.222,2.7027,47175.772,393368.178,40797.635
66883,12383.311,-39608.765,-21259.337,2.7391,46627.889,393701.655,40249.752
67123,12579.886,-39052.889,-20958.636,2.7765,46072.184,394036.510,39694.047
67363,12773.506,-38487.845,-20653.014,2.8149,45508.501,394372.717,39130.364
67603,12964.015,-37913.423,-20342.360,2.8542,44936.677,394710.249,38558.540
67843,13151.242,-37329.407,-20026.558,2.8946,44356.542,395049.074,37978.405
68083,13335.008,-36735.570,-19705.487,2.9360,43767.919,395389.154,37389.782
68323,13515.121,-36131.672,-19379.018,2.9786,43170.621,395730.449,36792.484
68563,13691.376,-35517.462,-19047.019,3.0224,42564.454,396072.910,36186.317
68803,13863.554,-34892.675,-18709.347,3.0676,41949.214,396416.485,35571.077
69043,14031.418,-34257.035,-18365.855,3.1140,41324.687,396761.113,34946.550
69278,14191.668,-33623.038,-18023.433,3.1609,40703.272,397100.024,34325.135
69518,14350.228,-32965.024,-17667.954,3.2103,40059.686,397446.531,33681.549
69758,14503.661,-32295.235,-17306.163,3.2613,39406.112,397793.859,33027.975
69998,14651.650,-31613.326,-16937.877,3.3141,38742.288,398141.913,32364.151
70238,14793.852,-30918.933,-16562.902,3.3686,38067.942,398490.579,31689.805
70478,14929.893,-30211.671,-16181.032,3.4251,37382.784,398839.734,31004.647
70718,15059.371,-29491.128,-15792.049,3.4837,36686.511,399189.234,30308.374
70958,15181.842,-28756.870,-15395.720,3.5445,35978.801,399538.918,29600.664
71198,15296.825,-28008.433,-14991.800,3.6077,35259.314,399888.602,28881.177
71438,15403.792,-27245.323,-14580.025,3.6735,34527.692,400238.080,28149.555
71678,15502.163,-26467.012,-14160.114,3.7421,33783.556,400587.111,27405.419
71918,15591.297,-25672.939,-13731.770,3.8137,33026.502,400935.427,26648.365
72158,15670.487,-24862.499,-13294.670,3.8886,32256.104,401282.715,25877.967
72398,15738.949,-24035.045,-12848.472,3.9670,31471.911,401628.620,25093.774
72638,15795.811,-23189.885,-12392.807,4.0492,30673.443,401972.730,24295.306
72894,15842.725,-22267.843,-11895.744,4.1416,29805.326,402337.479,23427.189
73134,15872.400,-21383.645,-11419.232,4.2331,28975.718,402676.307,22597.581
73374,15887.082,-20479.261,-10931.939,4.3297,28130.175,403011.629,21752.038
73614,15885.360,-19553.746,-10433.365,4.4319,27268.090,403342.687,20889.953
73854,15865.631,-18606.081,-9922.970,4.5405,26388.820,403668.592,20010.683
74094,15826.055,-17635.161,-9400.170,4.6561,25491.687,403988.290,19113.550
74334,15764.515,-16639.789,-8864.334,4.7796,24575.983,404300.529,18197.846
74574,15678.557,-15618.669,-8314.779,4.9120,23640.971,404603.812,17262.834
74814,15565.311,-14570.399,-7750.767,5.0545,22685.895,404896.330,16307.758
75054,15421.403,-13493.465,-7171.503,5.2084,21709.991,405175.887,15331.854
75294,15242.824,-12386.244,-6576.138,5.3755,20712.516,405439.787,14334.379
75534,15024.774,-11247.009,-5963.772,5.5578,19692.781,405684.690,13314.644
75774,14761.444,-10073.956,-5333.467,5.7579,18650.219,405906.414,12272.082
76014,14445.724,-8865.249,-4684.281,5.9786,17584.484,406099.656,11206.347
76254,14068.815,-7619.123,-4015.315,6.2239,16495.615,406257.602,10117.478
76494,13619.684,-6334.063,-3325.824,6.4984,15384.319,406371.367,9006.182
76734,13084.326,-5009.151,-2615.398,6.8078,14252.421,406429.180,7874.284
76974,12444.731,-3644.693,-1884.318,7.1590,13103.655,406415.193,6725.518
77214,11677.512,-2243.393,-1134.187,7.5601,11945.019,406307.710,5566.882
77454,10752.164,-812.545,-369.132,8.0193,10789.139,406076.643,4411.002
77694,9629.325,631.885,401.985,8.5420,9658.404,405680.065,3280.267
77934,8260.469,2057.928,1161.606,9.1224,8591.842,405060.507,2213.705
78174,6593.491,3405.907,1877.176,9.7252,7654.940,404144.419,1276.803
78414,4593.839,4575.917,2494.505,10.2561,6947.296,402854.965,569.159
78654,2288.904,5433.594,2941.153,10.5556,6588.885,401153.940,210.748
78733,1480.884,5626.201,3039.392,10.5773,6563.921,400509.457,185.784
78793,857.547,5739.959,3095.705,10.6255,6577.682,399996.420,199.545
78853,226.339,5826.141,3135.721,10.6503,6620.264,399463.444,242.127
78913,-409.657,5884.752,3159.440,10.6527,6691.800,398913.258,313.663
78973,-1047.480,5916.286,3167.137,10.6344,6791.937,398348.717,413.800
79033,-1684.406,5921.675,3159.326,10.5979,6919.884,397772.666,541.747
79125,-2657.038,5881.758,3118.972,10.4641,7168.188,396870.249,790.051
79211,-3540.314,5796.080,3055.159,10.2630,7447.306,396027.762,1069.169
79297,-4398.538,5669.168,2969.557,10.0470,7765.621,395188.895,1387.484
79383,-5229.269,5506.652,2865.262,9.8236,8116.538,394358.429,1738.401
79469,-6031.338,5313.827,2745.163,9.5988,8494.098,393539.854,2115.961
79752,-8474.207,4518.444,2267.611,8.8921,9867.653,390949.503,3489.516
79992,-10324.259,3719.690,1799.556,8.3644,11120.468,388895.689,4742.331
80232,-12001.662,2857.309,1300.606,7.9079,12405.469,386968.836,6027.332
80472,-13534.281,1959.655,785.520,7.5146,13697.957,385157.019,7319.820
80712,-14945.578,1043.958,263.129,7.1744,14984.304,383447.093,8606.167
80952,-16254.539,120.812,-261.225,6.8779,16257.086,381826.854,9878.949
81192,-17476.372,-803.176,-784.285,6.6174,17512.389,380285.636,11134.252
81432,-18623.287,-1723.855,-1304.053,6.3865,18748.308,378814.332,12370.171
81672,-19705.158,-2638.606,-1819.315,6.1804,19964.103,377405.223,13585.966
81912,-20730.045,-3545.795,-2329.350,5.9951,21159.710,376051.766,14781.573
82152,-21704.596,-4444.424,-2833.755,5.8273,22335.456,374748.398,15957.319
82392,-22634.347,-5333.917,-3332.329,5.6746,23491.887,373490.362,17113.750
82632,-23523.950,-6213.978,-3825.007,5.5347,24629.666,372273.565,18251.529
82872,-24377.354,-7084.500,-4311.810,5.4060,25749.510,371094.467,19371.373
83112,-25197.935,-7945.501,-4792.816,5.2871,26852.151,369949.986,20474.014
83352,-25988.601,-8797.084,-5268.138,5.1768,27938.314,368837.423,21560.177
83592,-26751.878,-9639.407,-5737.914,5.0741,29008.702,367754.401,22630.565
83832,-27489.970,-10472.666,-6202.293,4.9781,30063.992,366698.816,23685.855
84072,-28204.816,-11297.076,-6661.430,4.8882,31104.826,365668.796,24726.689
84312,-28898.127,-12112.868,-7115.485,4.8036,32131.813,364662.667,25753.676
84552,-29571.424,-12920.277,-7564.614,4.7240,33145.528,363678.929,26767.391
84792,-30226.064,-13719.539,-8008.972,4.6488,34146.513,362716.226,27768.376
85032,-30863.264,-14510.889,-8448.711,4.5776,35135.276,361773.335,28757.139
85272,-31484.117,-15294.557,-8883.976,4.5100,36112.299,360849.143,29734.162
85512,-32089.614,-16070.768,-9314.910,4.4458,37078.032,359942.637,30699.895
85752,-32680.651,-16839.740,-9741.647,4.3847,38032.900,359052.891,31654.763
85992,-33258.043,-17601.683,-10164.317,4.3264,38977.301,358179.055,32599.164
86232,-33822.535,-18356.801,-10583.046,4.2707,39911.614,357320.349,33533.477
86472,-34374.809,-19105.289,-10997.952,4.2174,40836.191,356476.055,34458.054
86712,-34915.489,-19847.336,-11409.150,4.1664,41751.368,355645.507,35373.231
86952,-35445.151,-20583.120,-11816.747,4.1174,42657.462,354828.090,36279.325
87192,-35964.326,-21312.816,-12220.849,4.0704,43554.770,354023.234,37176.633
87432,-36473.504,-22036.588,-12621.554,4.0252,44443.575,353230.406,38065.438
87672,-36973.142,-22754.597,-13018.958,3.9816,45324.145,352449.112,38946.008
87912,-37463.660,-23466.994,-13413.151,3.9397,46196.734,351678.889,39818.597
88152,-37945.452,-24173.926,-13804.220,3.8992,47061.582,350919.305,40683.445
88392,-38418.884,-24875.533,-14192.247,3.8602,47918.918,350169.954,41540.781
88632,-38884.299,-25571.949,-14577.313,3.8224,48768.959,349430.458,42390.822
88872,-39342.016,-26263.302,-14959.493,3.7859,49611.911,348700.457,43233.774
89112,-39792.334,-26949.718,-15338.860,3.7506,50447.971,347979.616,44069.834
89352,-40235.536,-27631.313,-15715.484,3.7164,51277.327,347267.617,44899.190
89592,-40671.886,-28308.203,-16089.431,3.6832,52100.158,346564.161,45722.021
89832,-41101.633,-28980.497,-16460.766,3.6510,52916.635,345868.966,46538.498
90072,-41525.010,-29648.301,-16829.550,3.6198,53726.920,345181.762,47348.783
90312,-41942.240,-30311.715,-17195.843,3.5894,54531.170,344502.297,48153.033
90552,-42353.531,-30970.837,-17559.700,3.5599,55329.534,343830.330,48951.397
90792,-42759.081,-31625.760,-17921.177,3.5312,56122.155,343165.632,49744.018
91032,-43159.077,-32276.576,-18280.326,3.5033,56909.170,342507.986,50531.033
91272,-43553.697,-32923.371,-18637.198,3.4761,57690.710,341857.186,51312.573
91512,-43943.109,-33566.229,-18991.841,3.4496,58466.902,341213.034,52088.765
91752,-44327.473,-34205.231,-19344.302,3.4238,59237.866,340575.342,52859.729
91992,-44706.941,-34840.455,-19694.627,3.3986,60003.718,339943.932,53625.581
92232,-45081.659,-35471.976,-20042.858,3.3741,60764.572,339318.633,54386.435
92472,-45451.763,-36099.867,-20389.038,3.3501,61520.534,338699.281,55142.397
92712,-45817.387,-36724.199,-20733.208,3.3267,62271.708,338085.719,55893.571
92952,-46178.654,-37345.038,-21075.406,3.3038,63018.193,337477.798,56640.056
93192,-46535.685,-37962.452,-21415.671,3.2815,63760.087,336875.375,57381.950
93432,-46888.595,-38576.502,-21754.039,3.2596,64497.481,336278.311,58119.344
93672,-47237.493,-39187.252,-22090.545,3.2382,65230.466,335686.475,58852.329
93912,-47582.484,-39794.760,-22425.223,3.2173,65959.127,335099.740,59580.990
94152,-47923.669,-40399.084,-22758.108,3.1969,66683.548,334517.985,60305.411
94392,-48261.144,-41000.280,-23089.230,3.1768,67403.809,333941.092,61025.672
94632,-48595.001,-41598.402,-23418.621,3.1572,68119.990,333368.948,61741.853
94922,-48994.005,-42317.638,-23814.661,3.1340,68980.672,332683.285,62602.535
95162,-49320.180,-42909.153,-24140.333,3.1152,69688.099,332121.257,63309.962
95402,-49643.009,-43497.757,-24464.367,3.0968,70391.679,331563.644,64013.542
95642,-49962.571,-44083.497,-24786.791,3.0788,71091.478,331010.351,64713.341
95882,-50278.942,-44666.421,-25107.631,3.0610,71787.564,330461.284,65409.427
96122,-50592.193,-45246.573,-25426.913,3.0437,72479.999,329916.355,66101.862
96362,-50902.394,-45823.996,-25744.661,3.0266,73168.845,329375.476,66790.708
96602,-51209.613,-46398.734,-26060.901,3.0099,73854.164,328838.564,67476.027
96842,-51513.914,-46970.827,-26375.655,2.9934,74536.012,328305.537,68157.875
97082,-51815.360,-47540.315,-26688.947,2.9773,75214.447,327776.319,68836.310
97322,-52114.010,-48107.239,-27000.799,2.9614,75889.523,327250.833,69511.386
97562,-52409.925,-48671.636,-27311.232,2.9458,76561.294,326729.005,70183.157
97802,-52703.159,-49233.542,-27620.269,2.9305,77229.812,326210.766,70851.675
98042,-52993.767,-49792.995,-27927.928,2.9154,77895.127,325696.045,71516.990
98282,-53281.801,-50350.029,-28234.231,2.9005,78557.288,325184.777,72179.151
98522,-53567.314,-50904.678,-28539.197,2.8860,79216.344,324676.897,72838.207
98762,-53850.353,-51456.976,-28842.844,2.8716,79872.340,324172.342,73494.203
99002,-54130.967,-52006.956,-29145.192,2.8575,80525.321,323671.052,74147.184
99242,-54409.202,-52554.649,-29446.259,2.8436,81175.333,323172.967,74797.196
99482,-54685.103,-53100.087,-29746.062,2.8299,81822.417,322678.031,75444.280
99722,-54958.713,-53643.299,-30044.618,2.8164,82466.615,322186.186,76088.478
99962,-55230.074,-54184.314,-30341.944,2.8031,83107.969,321697.381,76729.832
100202,-55499.227,-54723.163,-30638.056,2.7901,83746.518,321211.560,77368.381
100442,-55766.212,-55259.873,-30932.971,2.7772,84382.301,320728.675,78004.164
100682,-56031.068,-55794.471,-31226.704,2.7645,85015.355,320248.674,78637.218
100922,-56293.831,-56326.984,-31519.270,2.7520,85645.717,319771.510,79267.580
101162,-56554.537,-56857.439,-31810.684,2.7397,86273.424,319297.136,79895.287
101402,-56813.223,-57385.861,-32100.961,2.7275,86898.510,318825.504,80520.373
101642,-57069.923,-57912.275,-32390.115,2.7155,87521.010,318356.572,81142.873
101882,-57324.669,-58436.706,-32678.159,2.7037,88140.957,317890.295,81762.820
102122,-57577.494,-58959.178,-32965.108,2.6920,88758.384,317426.631,82380.247
102362,-57828.430,-59479.713,-33250.975,2.6805,89373.324,316965.539,82995.187
102602,-58077.508,-59998.336,-33535.772,2.6692,89985.806,316506.978,83607.669
102842,-58324.757,-60515.069,-33819.513,2.6580,90595.862,316050.909,84217.725
103082,-58570.206,-61029.933,-34102.209,2.6469,91203.522,315597.293,84825.385
103322,-58813.884,-61542.950,-34383.874,2.6360,91808.814,315146.094,85430.677
103562,-59055.819,-62054.141,-34664.518,2.6253,92411.768,314697.275,86033.631
103802,-59296.037,-62563.527,-34944.154,2.6146,93012.412,314250.801,86634.275
104042,-59534.564,-63071.128,-35222.793,2.6042,93610.772,313806.635,87232.635
104282,-59771.427,-63576.963,-35500.446,2.5938,94206.875,313364.745,87828.738
104522,-60006.649,-64081.053,-35777.124,2.5836,94800.749,312925.098,88422.612
104762,-60240.256,-64583.416,-36052.838,2.5734,95392.417,312487.660,89014.280
105002,-60472.271,-65084.071,-36327.599,2.5635,95981.906,312052.400,89603.769
105242,-60702.718,-65583.036,-36601.416,2.5536,96569.241,311619.288,90191.104
105482,-60931.618,-66080.330,-36874.301,2.5438,97154.444,311188.292,90776.307
105722,-61158.994,-66575.968,-37146.262,2.5342,97737.541,310759.384,91359.404
105962,-61384.868,-67069.970,-37417.310,2.5247,98318.553,310332.534,91940.416
106202,-61609.260,-67562.352,-37687.454,2.5153,98897.505,309907.714,92519.368
106442,-61832.191,-68053.130,-37956.703,2.5059,99474.417,309484.897,93096.280
106682,-62053.682,-68542.320,-38225.068,2.4967,100049.313,309064.054,93671.176
106922,-62273.752,-69029.940,-38492.556,2.4876,100622.212,308645.160,94244.075
107162,-62492.420,-69516.003,-38759.176,2.4786,101193.137,308228.188,94815.000
107402,-62709.704,-70000.527,-39024.938,2.4697,101762.108,307813.114,95383.971
107642,-62925.624,-70483.526,-39289.850,2.4609,102329.145,307399.911,95951.008
107882,-63140.198,-70965.014,-39553.920,2.4522,102894.268,306988.557,96516.131
108122,-63353.442,-71445.007,-39817.156,2.4436,103457.496,306579.026,97079.359
108362,-63565.374,-71923.518,-40079.567,2.4351,104018.849,306171.295,97640.712
108602,-63776.011,-72400.563,-40341.160,2.4267,104578.345,305765.341,98200.208
108842,-63985.370,-72876.154,-40601.944,2.4183,105136.003,305361.142,98757.866
109082,-64193.466,-73350.305,-40861.925,2.4101,105691.841,304958.676,99313.704
109322,-64400.315,-73823.030,-41121.112,2.4019,106245.876,304557.921,99867.739
109562,-64605.933,-74294.342,-41379.512,2.3938,106798.126,304158.855,100419.989
109802,-64810.335,-74764.253,-41637.132,2.3858,107348.609,303761.458,100970.472
110042,-65013.536,-75232.777,-41893.979,2.3779,107897.341,303365.709,101519.204
110282,-65215.551,-75699.926,-42150.060,2.3700,108444.338,302971.589,102066.201
110522,-65416.393,-76165.713,-42405.383,2.3623,108989.617,302579.077,102611.480
110762,-65616.076,-76630.148,-42659.954,2.3546,109533.195,302188.155,103155.058
111002,-65814.615,-77093.245,-42913.779,2.3470,110075.086,301798.802,103696.949
111242,-66012.023,-77555.015,-43166.866,2.3394,110615.306,301411.002,104237.169
111482,-66208.313,-78015.469,-43419.221,2.3319,111153.870,301024.734,104775.733
111722,-66403.497,-78474.619,-43670.850,2.3245,111690.794,300639.982,105312.657
111962,-66597.590,-78932.476,-43921.759,2.3172,112226.092,300256.728,105847.955
112202,-66790.602,-79389.051,-44171.955,2.3100,112759.778,299874.954,106381.641
112442,-66982.546,-79844.354,-44421.444,2.3028,113291.867,299494.644,106913.730
112682,-67173.435,-80298.397,-44670.231,2.2956,113822.373,299115.780,107444.236
112922,-67363.279,-80751.190,-44918.323,2.2886,114351.309,298738.346,107973.172
113162,-67552.091,-81202.743,-45165.726,2.2816,114878.690,298362.327,108500.553
113402,-67739.882,-81653.066,-45412.444,2.2746,115404.527,297987.705,109026.390
113642,-67926.663,-82102.170,-45658.484,2.2678,115928.836,297614.466,109550.699
113882,-68112.445,-82550.064,-45903.851,2.2609,116451.628,297242.595,110073.491
114122,-68297.238,-82996.757,-46148.551,2.2542,116972.917,296872.075,110594.780
114362,-68481.054,-83442.260,-46392.590,2.2475,117492.714,296502.893,111114.577
114602,-68663.902,-83886.582,-46635.971,2.2409,118011.033,296135.033,111632.896
114842,-68845.792,-84329.733,-46878.701,2.2343,118527.885,295768.481,112149.748
115082,-69026.736,-84771.720,-47120.785,2.2278,119043.282,295403.224,112665.145
115322,-69206.741,-85212.554,-47362.227,2.2213,119557.237,295039.247,113179.100
115562,-69385.819,-85652.243,-47603.033,2.2149,120069.761,294676.536,113691.624
115802,-69563.979,-86090.796,-47843.208,2.2085,120580.865,294315.079,114202.728
116042,-69741.230,-86528.222,-48082.757,2.2022,121090.560,293954.862,114712.423
116282,-69917.580,-86964.528,-48321.684,2.1960,121598.858,293595.871,115220.721
116522,-70093.040,-87399.725,-48559.994,2.1897,122105.770,293238.094,115727.633
116762,-70267.618,-87833.819,-48797.691,2.1836,122611.307,292881.519,116233.170
117002,-70441.323,-88266.819,-49034.781,2.1775,123115.479,292526.133,116737.342
117242,-70614.163,-88698.733,-49271.267,2.1714,123618.296,292171.923,117240.159
117482,-70786.147,-89129.570,-49507.155,2.1654,124119.770,291818.878,117741.633
117722,-70957.283,-89559.336,-49742.449,2.1595,124619.910,291466.986,118241.773
117962,-71127.579,-89988.040,-49977.152,2.1536,125118.726,291116.235,118740.589
118202,-71297.044,-90415.689,-50211.270,2.1477,125616.228,290766.614,119238.091
118442,-71465.685,-90842.290,-50444.806,2.1419,126112.427,290418.110,119734.290
118682,-71633.510,-91267.852,-50677.765,2.1361,126607.331,290070.714,120229.194
118922,-71800.526,-91692.382,-50910.150,2.1304,127100.951,289724.414,120722.814
119162,-71966.742,-92115.886,-51141.966,2.1247,127593.296,289379.199,121215.159
119402,-72132.164,-92538.372,-51373.217,2.1191,128084.374,289035.058,121706.237
119642,-72296.801,-92959.847,-51603.907,2.1135,128574.195,288691.981,122196.058
119882,-72460.658,-93380.318,-51834.040,2.1079,129062.769,288349.958,122684.632
120122,-72623.744,-93799.791,-52063.619,2.1024,129550.104,288008.978,123171.967
120362,-72786.065,-94218.275,-52292.648,2.0969,130036.209,287669.031,123658.072
120602,-72947.628,-94635.774,-52521.132,2.0915,130521.092,287330.107,124142.955
120842,-73108.440,-95052.296,-52749.073,2.0861,131004.762,286992.196,124626.625
121082,-73268.508,-95467.848,-52976.475,2.0807,131487.228,286655.290,125109.091
121322,-73427.838,-95882.435,-53203.343,2.0754,131968.498,286319.377,125590.361
121562,-73586.437,-96296.065,-53429.679,2.0701,132448.580,285984.449,126070.443
121802,-73744.311,-96708.743,-53655.487,2.0649,132927.483,285650.497,126549.346
122042,-73901.466,-97120.476,-53880.771,2.0597,133405.214,285317.511,127027.077
122282,-74057.909,-97531.270,-54105.534,2.0545,133881.781,284985.482,127503.644
122522,-74213.645,-97941.130,-54329.779,2.0494,134357.192,284654.401,127979.055
122762,-74368.681,-98350.064,-54553.510,2.0443,134831.455,284324.260,128453.318
123002,-74523.023,-98758.076,-54776.730,2.0392,135304.578,283995.050,128926.441
123242,-74676.677,-99165.173,-54999.443,2.0342,135776.567,283666.762,129398.430
123482,-74829.647,-99571.360,-55221.651,2.0292,136247.432,283339.388,129869.295
123722,-74981.941,-99976.644,-55443.358,2.0243,136717.178,283012.919,130339.041
123962,-75133.563,-100381.029,-55664.567,2.0193,137185.813,282687.347,130807.676
124202,-75284.520,-100784.522,-55885.281,2.0145,137653.345,282362.665,131275.208
124442,-75434.816,-101187.127,-56105.503,2.0096,138119.780,282038.864,131741.643
124682,-75584.457,-101588.851,-56325.236,2.0048,138585.126,281715.936,132206.989
124922,-75733.449,-101989.699,-56544.483,2.0000,139049.389,281393.873,132671.252
125162,-75881.796,-102389.675,-56763.248,1.9952,139512.576,281072.668,133134.439
125402,-76029.504,-102788.786,-56981.533,1.9905,139974.694,280752.313,133596.557
125642,-76176.577,-103187.037,-57199.340,1.9858,140435.751,280432.801,134057.614
125882,-76323.022,-103584.432,-57416.674,1.9811,140895.751,280114.123,134517.614
126122,-76468.843,-103980.976,-57633.537,1.9765,141354.703,279796.274,134976.566
126362,-76614.044,-104376.676,-57849.931,1.9719,141812.611,279479.245,135434.474
126602,-76758.631,-104771.535,-58065.859,1.9673,142269.484,279163.029,135891.347
126842,-76902.609,-105165.559,-58281.325,1.9627,142725.327,278847.619,136347.190
127082,-77045.982,-105558.753,-58496.330,1.9582,143180.146,278533.009,136802.009
127322,-77188.754,-105951.120,-58710.878,1.9537,143633.947,278219.191,137255.810
127562,-77330.931,-106342.667,-58924.971,1.9493,144086.737,277906.159,137708.600
127802,-77472.517,-106733.398,-59138.612,1.9448,144538.522,277593.906,138160.385
128042,-77613.516,-107123.317,-59351.803,1.9404,144989.308,277282.424,138611.171
128282,-77753.933,-107512.429,-59564.547,1.9360,145439.100,276971.709,139060.963
128522,-77893.772,-107900.739,-59776.847,1.9317,145887.904,276661.752,139509.767
128762,-78033.038,-108288.251,-59988.705,1.9273,146335.727,276352.549,139957.590
129002,-78171.735,-108674.970,-60200.123,1.9230,146782.574,276044.091,140404.437
129242,-78309.867,-109060.899,-60411.104,1.9188,147228.450,275736.374,140850.313
129482,-78447.437,-109446.044,-60621.651,1.9145,147673.361,275429.390,141295.224
129722,-78584.451,-109830.409,-60831.766,1.9103,148117.313,275123.135,141739.176
129962,-78720.913,-110213.997,-61041.451,1.9061,148560.311,274817.601,142182.174
130202,-78856.826,-110596.814,-61250.708,1.9019,149002.361,274512.782,142624.224
130442,-78992.194,-110978.864,-61459.541,1.8977,149443.468,274208.674,143065.331
130682,-79127.021,-111360.150,-61667.951,1.8936,149883.637,273905.269,143505.500
130922,-79261.311,-111740.676,-61875.940,1.8895,150322.873,273602.563,143944.736
131162,-79395.069,-112120.447,-62083.512,1.8854,150761.182,273300.549,144383.045
131402,-79528.296,-112499.467,-62290.667,1.8814,151198.569,272999.222,144820.432
131642,-79660.999,-112877.740,-62497.409,1.8773,151635.039,272698.576,145256.902
131882,-79793.179,-113255.269,-62703.739,1.8733,152070.597,272398.606,145692.460
132122,-79924.841,-113632.059,-62909.660,1.8693,152505.247,272099.306,146127.110
132362,-80055.988,-114008.114,-63115.173,1.8654,152938.996,271800.671,146560.859
132602,-80186.625,-114383.437,-63320.282,1.8614,153371.847,271502.696,146993.710
132842,-80316.753,-114758.031,-63524.988,1.8575,153803.806,271205.374,147425.669
133082,-80446.378,-115131.902,-63729.293,1.8536,154234.877,270908.702,147856.740
133322,-80575.502,-115505.052,-63933.199,1.8497,154665.065,270612.673,148286.928
133562,-80704.128,-115877.485,-64136.709,1.8459,155094.376,270317.283,148716.239
133802,-80832.261,-116249.206,-64339.824,1.8420,155522.812,270022.526,149144.675
134042,-80959.903,-116620.216,-64542.546,1.8382,155950.380,269728.398,149572.243
134282,-81087.058,-116990.521,-64744.878,1.8344,156377.083,269434.894,149998.946
134522,-81213.728,-117360.123,-64946.821,1.8307,156802.926,269142.008,150424.789
134762,-81339.918,-117729.026,-65148.377,1.8269,157227.914,268849.736,150849.777
135002,-81465.630,-118097.234,-65349.549,1.8232,157652.050,268558.073,151273.913
135192,-81563.847,-118388.862,-65508.036,1.8202,157986.982,268328.526,151608.845
135432,-81688.705,-118755.837,-65708.516,1.8165,158409.603,268037.948,152031.466
135672,-81813.095,-119122.126,-65908.616,1.8128,158831.386,267747.966,152453.249
135912,-81937.019,-119487.732,-66108.338,1.8092,159252.333,267458.576,152874.196
136152,-82060.480,-119852.659,-66307.685,1.8055,159672.451,267169.772,153294.314
136392,-82183.481,-120216.910,-66506.658,1.8019,160091.742,266881.550,153713.605
136632,-82306.025,-120580.489,-66705.259,1.7983,160510.211,266593.906,154132.074
136872,-82428.115,-120943.398,-66903.490,1.7947,160927.861,266306.835,154549.724
137112,-82549.754,-121305.640,-67101.352,1.7912,161344.698,266020.333,154966.561
137352,-82670.944,-121667.220,-67298.847,1.7876,161760.725,265734.396,155382.588
137592,-82791.689,-122028.139,-67495.978,1.7841,162175.946,265449.019,155797.809
137832,-82911.991,-122388.402,-67692.745,1.7806,162590.365,265164.198,156212.228
138072,-83031.853,-122748.011,-67889.150,1.7771,163003.986,264879.929,156625.849
138312,-83151.278,-123106.969,-68085.196,1.7736,163416.813,264596.207,157038.676
138552,-83270.268,-123465.279,-68280.884,1.7702,163828.849,264313.029,157450.712
138792,-83388.827,-123822.945,-68476.215,1.7667,164240.099,264030.390,157861.962
139032,-83506.956,-124179.969,-68671.191,1.7633,164650.566,263748.287,158272.429
139272,-83624.659,-124536.354,-68865.814,1.7599,165060.254,263466.715,158682.117
139512,-83741.938,-124892.103,-69060.086,1.7565,165469.167,263185.670,159091.030
139752,-83858.795,-125247.219,-69254.008,1.7531,165877.308,262905.149,159499.171
139992,-83975.234,-125601.706,-69447.581,1.7498,166284.680,262625.148,159906.543
140232,-84091.256,-125955.565,-69640.808,1.7464,166691.289,262345.662,160313.152
140472,-84206.865,-126308.799,-69833.690,1.7431,167097.137,262066.688,160719.000
140712,-84322.062,-126661.412,-70026.228,1.7398,167502.227,261788.222,161124.090
140952,-84436.850,-127013.406,-70218.424,1.7365,167906.564,261510.260,161528.427
141192,-84551.232,-127364.784,-70410.279,1.7332,168310.150,261232.800,161932.013
141432,-84665.210,-127715.549,-70601.796,1.7299,168712.989,260955.836,162334.852
141672,-84778.786,-128065.703,-70792.974,1.7267,169115.085,260679.365,162736.948
141912,-84891.963,-128415.249,-70983.817,1.7235,169516.441,260403.384,163138.304
142152,-85004.742,-128764.190,-71174.326,1.7203,169917.060,260127.890,163538.923
142392,-85117.127,-129112.528,-71364.501,1.7171,170316.946,259852.878,163938.809
142632,-85229.120,-129460.266,-71554.345,1.7139,170716.102,259578.345,164337.965
142887,-85347.588,-129829.086,-71755.788,1.7105,171139.403,259287.249,164761.266
143100,-85446.456,-130137.166,-71923.973,1.7077,171492.964,259044.031,165114.827
143313,-85545.020,-130444.777,-72091.899,1.7049,171845.955,258801.184,165467.818
143527,-85643.281,-130751.922,-72259.568,1.7021,172198.379,258558.705,165820.242
143740,-85741.239,-131058.602,-72426.980,1.6993,172550.238,258316.592,166172.101
143954,-85838.897,-131364.820,-72594.136,1.6966,172901.535,258074.843,166523.398
144167,-85936.257,-131670.576,-72761.038,1.6938,173252.271,257833.454,166874.134
144380,-86033.319,-131975.872,-72927.685,1.6911,173602.448,257592.425,167224.311
144594,-86130.085,-132280.711,-73094.080,1.6883,173952.070,257351.752,167573.933
144807,-86226.557,-132585.094,-73260.223,1.6856,174301.137,257111.434,167923.000
145047,-86334.722,-132926.932,-73446.807,1.6826,174693.122,256841.536,168314.985
145287,-86442.519,-133268.198,-73633.074,1.6796,175084.412,256572.080,168706.275
145527,-86549.949,-133608.893,-73819.027,1.6765,175475.009,256303.063,169096.872
145767,-86657.015,-133949.021,-74004.666,1.6735,175864.917,256034.483,169486.780
146007,-86763.718,-134288.583,-74189.992,1.6705,176254.138,255766.335,169876.001
146247,-86870.060,-134627.582,-74375.008,1.6676,176642.676,255498.618,170264.539
146487,-86976.044,-134966.020,-74559.714,1.6646,177030.534,255231.327,170652.397
146727,-87081.672,-135303.900,-74744.111,1.6617,177417.714,254964.461,171039.577
146967,-87186.945,-135641.223,-74928.201,1.6587,177804.219,254698.015,171426.082
147207,-87291.865,-135977.992,-75111.985,1.6558,178190.051,254431.988,171811.914
147447,-87396.434,-136314.210,-75295.465,1.6529,178575.215,254166.375,172197.078
147687,-87500.654,-136649.877,-75478.641,1.6500,178959.712,253901.175,172581.575
147927,-87604.527,-136984.997,-75661.514,1.6471,179343.546,253636.384,172965.409
148167,-87708.054,-137319.572,-75844.087,1.6442,179726.718,253372.000,173348.581
148407,-87811.239,-137653.604,-76026.359,1.6414,180109.232,253108.019,173731.095
148647,-87914.081,-137987.095,-76208.333,1.6385,180491.091,252844.440,174112.954
148887,-88016.584,-138320.046,-76390.010,1.6357,180872.297,252581.258,174494.160
149127,-88118.748,-138652.461,-76571.390,1.6328,181252.852,252318.471,174874.715
149367,-88220.576,-138984.342,-76752.475,1.6300,181632.760,252056.077,175254.623
149607,-88322.070,-139315.689,-76933.265,1.6272,182012.023,251794.073,175633.886
149847,-88423.231,-139646.506,-77113.763,1.6244,182390.644,251532.457,176012.507
150087,-88524.060,-139976.795,-77293.969,1.6216,182768.624,251271.224,176390.487
150327,-88624.561,-140306.557,-77473.885,1.6189,183145.968,251010.374,176767.831
150567,-88724.733,-140635.794,-77653.511,1.6161,183522.676,250749.903,177144.539
150807,-88824.580,-140964.510,-77832.849,1.6134,183898.753,250489.808,177520.616
151047,-88924.102,-141292.704,-78011.899,1.6106,184274.199,250230.088,177896.062
151287,-89023.301,-141620.380,-78190.664,1.6079,184649.019,249970.739,178270.882
151527,-89122.179,-141947.540,-78369.143,1.6052,185023.213,249711.759,178645.076
151767,-89220.738,-142274.185,-78547.338,1.6025,185396.785,249453.146,179018.648
152007,-89318.979,-142600.317,-78725.250,1.5998,185769.737,249194.896,179391.600
152247,-89416.903,-142925.938,-78902.880,1.5971,186142.072,248937.008,179763.935
152487,-89514.513,-143251.051,-79080.230,1.5944,186513.791,248679.480,180135.654
152727,-89611.810,-143575.656,-79257.299,1.5918,186884.898,248422.307,180506.761
152967,-89708.794,-143899.757,-79434.090,1.5891,187255.394,248165.489,180877.257
153207,-89805.469,-144223.354,-79610.604,1.5865,187625.282,247909.023,181247.145
153447,-89901.836,-144546.449,-79786.840,1.5839,187994.564,247652.907,181616.427
153687,-89997.895,-144869.045,-79962.801,1.5812,188363.242,247397.137,181985.105
153927,-90093.649,-145191.143,-80138.487,1.5786,188731.319,247141.712,182353.182
154167,-90189.099,-145512.746,-80313.900,1.5760,189098.798,246886.630,182720.661
154407,-90284.246,-145833.854,-80489.040,1.5734,189465.679,246631.887,183087.542
154647,-90379.092,-146154.469,-80663.908,1.5709,189831.966,246377.483,183453.829
154887,-90473.639,-146474.594,-80838.506,1.5683,190197.661,246123.414,183819.524
155127,-90567.887,-146794.231,-81012.834,1.5657,190562.765,245869.679,184184.628
155367,-90661.838,-147113.380,-81186.893,1.5632,190927.282,245616.274,184549.145
155607,-90755.495,-147432.043,-81360.685,1.5607,191291.213,245363.199,184913.076
155847,-90848.857,-147750.223,-81534.209,1.5581,191654.560,245110.450,185276.423
156087,-90941.927,-148067.921,-81707.468,1.5556,192017.326,244858.026,185639.189
156327,-91034.705,-148385.138,-81880.462,1.5531,192379.513,244605.925,186001.376
156567,-91127.194,-148701.877,-82053.192,1.5506,192741.122,244354.143,186362.985
156807,-91219.394,-149018.139,-82225.659,1.5481,193102.156,244102.680,186724.019
157047,-91311.308,-149333.926,-82397.863,1.5456,193462.617,243851.532,187084.480
157287,-91402.935,-149649.239,-82569.807,1.5431,193822.507,243600.699,187444.370
157527,-91494.278,-149964.080,-82741.490,1.5407,194181.828,243350.177,187803.691
157767,-91585.339,-150278.451,-82912.914,1.5382,194540.583,243099.965,188162.446
158007,-91676.117,-150592.353,-83084.079,1.5358,194898.772,242850.061,188520.635
158247,-91766.615,-150905.788,-83254.986,1.5333,195256.398,242600.463,188878.261
158487,-91856.834,-151218.757,-83425.637,1.5309,195613.464,242351.168,189235.327
158727,-91946.775,-151531.262,-83596.032,1.5285,195969.971,242102.175,189591.834
158967,-92036.439,-151843.305,-83766.173,1.5261,196325.920,241853.482,189947.783
159207,-92125.828,-152154.887,-83936.059,1.5237,196681.315,241605.086,190303.178
159447,-92214.943,-152466.010,-84105.691,1.5213,197036.157,241356.986,190658.020
159687,-92303.785,-152776.675,-84275.072,1.5189,197390.447,241109.180,191012.310
159927,-92392.355,-153086.884,-84444.201,1.5165,197744.189,240861.666,191366.052
160167,-92480.655,-153396.638,-84613.079,1.5142,198097.383,240614.442,191719.246
160407,-92568.686,-153705.938,-84781.707,1.5118,198450.031,240367.506,192071.894
160647,-92656.449,-154014.788,-84950.086,1.5094,198802.137,240120.857,192424.000
160887,-92743.945,-154323.187,-85118.217,1.5071,199153.700,239874.491,192775.563
161127,-92831.176,-154631.137,-85286.101,1.5048,199504.724,239628.408,193126.587
161367,-92918.142,-154938.640,-85453.738,1.5024,199855.209,239382.606,193477.072
161607,-93004.845,-155245.697,-85621.130,1.5001,200205.159,239137.083,193827.022
161847,-93091.285,-155552.310,-85788.276,1.4978,200554.574,238891.836,194176.437
162087,-93177.465,-155858.480,-85955.179,1.4955,200903.456,238646.865,194525.319
162327,-93263.386,-156164.209,-86121.838,1.4932,201251.808,238402.167,194873.671
162567,-93349.047,-156469.498,-86288.254,1.4909,201599.631,238157.741,195221.494
162807,-93434.451,-156774.348,-86454.429,1.4886,201946.926,237913.585,195568.789
163047,-93519.599,-157078.761,-86620.363,1.4864,202293.697,237669.697,195915.560
163287,-93604.491,-157382.738,-86786.057,1.4841,202639.943,237426.075,196261.806
163527,-93689.130,-157686.280,-86951.511,1.4819,202985.668,237182.718,196607.531
163767,-93773.515,-157989.390,-87116.727,1.4796,203330.872,236939.624,196952.735
164007,-93857.648,-158292.068,-87281.704,1.4774,203675.558,236696.792,197297.421
164247,-93941.530,-158594.315,-87446.445,1.4751,204019.726,236454.218,197641.589
164487,-94025.163,-158896.134,-87610.949,1.4729,204363.380,236211.903,197985.243
164727,-94108.547,-159197.525,-87775.218,1.4707,204706.520,235969.844,198328.383
164967,-94191.683,-159498.490,-87939.252,1.4685,205049.149,235728.039,198671.012
165207,-94274.572,-159799.030,-88103.051,1.4663,205391.267,235486.488,199013.130
165447,-94357.216,-160099.146,-88266.617,1.4641,205732.877,235245.187,199354.740
165687,-94439.616,-160398.840,-88429.951,1.4619,206073.980,235004.137,199695.843
165927,-94521.771,-160698.114,-88593.052,1.4597,206414.578,234763.334,200036.441
166167,-94603.685,-160996.967,-88755.923,1.4575,206754.672,234522.778,200376.535
166407,-94685.357,-161295.402,-88918.563,1.4554,207094.264,234282.467,200716.127
166647,-94766.788,-161593.420,-89080.973,1.4532,207433.356,234042.399,201055.219
166887,-94847.980,-161891.022,-89243.153,1.4511,207771.949,233802.573,201393.812
167127,-94928.933,-162188.209,-89405.106,1.4489,208110.044,233562.988,201731.907
167367,-95009.649,-162484.983,-89566.831,1.4468,208447.644,233323.641,202069.507
167607,-95090.128,-162781.346,-89728.329,1.4446,208784.750,233084.531,202406.613
167847,-95170.372,-163077.297,-89889.600,1.4425,209121.363,232845.656,202743.226
168087,-95250.381,-163372.839,-90050.646,1.4404,209457.486,232607.016,203079.349
168327,-95330.157,-163667.972,-90211.467,1.4383,209793.118,232368.608,203414.981
168567,-95409.700,-163962.698,-90372.064,1.4362,210128.263,232130.432,203750.126
168807,-95489.011,-164257.018,-90532.437,1.4341,210462.922,231892.485,204084.785
169047,-95568.091,-164550.934,-90692.587,1.4320,210797.095,231654.766,204418.958
169287,-95646.942,-164844.446,-90852.515,1.4299,211130.785,231417.275,204752.648
169527,-95725.564,-165137.556,-91012.221,1.4278,211463.993,231180.008,205085.856
169767,-95803.958,-165430.264,-91171.706,1.4258,211796.720,230942.965,205418.583
170007,-95882.124,-165722.573,-91330.971,1.4237,212128.968,230706.145,205750.831
170247,-95960.065,-166014.483,-91490.017,1.4216,212460.739,230469.545,206082.602
170487,-96037.780,-166305.995,-91648.843,1.4196,212792.034,230233.166,206413.897
170727,-96115.271,-166597.110,-91807.452,1.4175,213122.854,229997.004,206744.717
170967,-96192.538,-166887.831,-91965.842,1.4155,213453.200,229761.059,207075.063
171207,-96269.583,-167178.157,-92124.015,1.4135,213783.075,229525.330,207404.938
171447,-96346.406,-167468.090,-92281.972,1.4114,214112.479,229289.814,207734.342
171687,-96423.009,-167757.632,-92439.714,1.4094,214441.414,229054.512,208063.277
171927,-96499.391,-168046.782,-92597.240,1.4074,214769.882,228819.420,208391.745
172167,-96575.555,-168335.543,-92754.551,1.4054,215097.884,228584.539,208719.747
172407,-96651.500,-168623.915,-92911.648,1.4034,215425.420,228349.866,209047.283
172647,-96727.227,-168911.900,-93068.533,1.4014,215752.493,228115.401,209374.356
172887,-96802.739,-169199.499,-93225.204,1.3994,216079.104,227881.141,209700.967
173127,-96878.034,-169486.712,-93381.663,1.3974,216405.254,227647.086,210027.117
173367,-96953.115,-169773.541,-93537.911,1.3954,216730.945,227413.235,210352.808
173607,-97027.982,-170059.987,-93693.948,1.3935,217056.178,227179.586,210678.041
173847,-97102.635,-170346.051,-93849.775,1.3915,217380.954,226946.137,211002.817
174087,-97177.076,-170631.734,-94005.392,1.3895,217705.274,226712.888,211327.137
174327,-97251.306,-170917.037,-94160.799,1.3876,218029.141,226479.837,211651.004
174567,-97325.325,-171201.962,-94315.999,1.3856,218352.555,226246.984,211974.418
174807,-97399.134,-171486.508,-94470.990,1.3837,218675.517,226014.326,212297.380
175047,-97472.733,-171770.678,-94625.774,1.3818,218998.029,225781.862,212619.892
175287,-97546.125,-172054.472,-94780.351,1.3798,219320.092,225549.592,212941.955
175527,-97619.309,-172337.892,-94934.722,1.3779,219641.708,225317.514,213263.571
175767,-97692.286,-172620.938,-95088.887,1.3760,219962.877,225085.626,213584.740
176007,-97765.057,-172903.611,-95242.847,1.3741,220283.601,224853.929,213905.464
176247,-97837.623,-173185.913,-95396.603,1.3722,220603.882,224622.419,214225.745
176487,-97909.985,-173467.844,-95550.154,1.3703,220923.720,224391.097,214545.583
176727,-97982.143,-173749.405,-95703.502,1.3684,221243.116,224159.961,214864.979
176967,-98054.098,-174030.598,-95856.648,1.3665,221562.073,223929.010,215183.936
177207,-98125.850,-174311.424,-96009.591,1.3646,221880.591,223698.242,215502.454
177447,-98197.402,-174591.882,-96162.332,1.3627,222198.671,223467.657,215820.534
177687,-98268.753,-174871.976,-96314.872,1.3608,222516.314,223237.254,216138.177
177927,-98339.904,-175151.704,-96467.212,1.3589,222833.523,223007.030,216455.386
178167,-98410.855,-175431.069,-96619.351,1.3571,223150.298,222776.985,216772.161
178407,-98481.609,-175710.071,-96771.291,1.3552,223466.640,222547.119,217088.503
178647,-98552.164,-175988.712,-96923.031,1.3534,223782.550,222317.429,217404.413
178887,-98622.523,-176266.991,-97074.573,1.3515,224098.030,222087.915,217719.893
179127,-98692.685,-176544.911,-97225.918,1.3497,224413.081,221858.575,218034.944
179367,-98762.652,-176822.472,-97377.064,1.3478,224727.704,221629.409,218349.567
179607,-98832.424,-177099.675,-97528.014,1.3460,225041.899,221400.415,218663.762
179847,-98902.002,-177376.521,-97678.767,1.3442,225355.670,221171.593,218977.533
180087,-98971.387,-177653.011,-97829.325,1.3423,225669.015,220942.940,219290.878
180327,-99040.579,-177929.146,-97979.687,1.3405,225981.938,220714.457,219603.801
180567,-99109.579,-178204.926,-98129.854,1.3387,226294.438,220486.141,219916.301
180807,-99178.387,-178480.354,-98279.826,1.3369,226606.517,220257.993,220228.380
181047,-99247.005,-178755.429,-98429.605,1.3351,226918.176,220030.010,220540.039
181287,-99315.433,-179030.152,-98579.191,1.3333,227229.416,219802.192,220851.279
181527,-99383.672,-179304.525,-98728.584,1.3315,227540.238,219574.538,221162.101
181767,-99451.722,-179578.548,-98877.784,1.3297,227850.644,219347.047,221472.507
182007,-99519.584,-179852.223,-99026.792,1.3279,228160.634,219119.717,221782.497
182247,-99587.259,-180125.549,-99175.609,1.3261,228470.210,218892.548,222092.073
182487,-99654.747,-180398.529,-99324.235,1.3244,228779.373,218665.538,222401.236
182727,-99722.049,-180671.162,-99472.671,1.3226,229088.123,218438.688,222709.986
182967,-99789.167,-180943.450,-99620.917,1.3208,229396.462,218211.994,223018.325
183207,-99856.099,-181215.394,-99768.973,1.3191,229704.392,217985.458,223326.255
183447,-99922.848,-181486.994,-99916.841,1.3173,230011.912,217759.077,223633.775
183687,-99989.413,-181758.251,-100064.520,1.3156,230319.024,217532.850,223940.887
183927,-100055.796,-182029.167,-100212.011,1.3138,230625.729,217306.777,224247.592
184167,-100121.996,-182299.742,-100359.314,1.3121,230932.029,217080.857,224553.892
184407,-100188.015,-182569.976,-100506.431,1.3103,231237.924,216855.089,224859.787
184647,-100253.854,-182839.872,-100653.361,1.3086,231543.415,216629.471,225165.278
184887,-100319.512,-183109.429,-100800.104,1.3069,231848.503,216404.003,225470.366
185127,-100384.991,-183378.648,-100946.662,1.3051,232153.190,216178.683,225775.053
185367,-100450.290,-183647.531,-101093.035,1.3034,232457.476,215953.512,226079.339
185607,-100515.412,-183916.078,-101239.223,1.3017,232761.363,215728.487,226383.226
185847,-100580.356,-184184.289,-101385.227,1.3000,233064.851,215503.608,226686.714
186087,-100645.123,-184452.166,-101531.047,1.2983,233367.941,215278.874,226989.804
186327,-100709.713,-184719.710,-101676.684,1.2966,233670.635,215054.285,227292.498
186567,-100774.128,-184986.921,-101822.138,1.2949,233972.934,214829.838,227594.797
186807,-100838.367,-185253.801,-101967.409,1.2932,234274.837,214605.534,227896.700
187047,-100902.432,-185520.349,-102112.498,1.2915,234576.348,214381.371,228198.211
187287,-100966.322,-185786.567,-102257.406,1.2898,234877.466,214157.348,228499.329
187527,-101030.039,-186052.456,-102402.133,1.2882,235178.192,213933.465,228800.055
187767,-101093.583,-186318.016,-102546.678,1.2865,235478.527,213709.720,229100.390
188007,-101156.955,-186583.248,-102691.044,1.2848,235778.473,213486.114,229400.336
188247,-101220.156,-186848.153,-102835.230,1.2831,236078.031,213262.644,229699.894
188487,-101283.185,-187112.731,-102979.236,1.2815,236377.200,213039.310,229999.063
188727,-101346.043,-187376.984,-103123.063,1.2798,236675.983,212816.111,230297.846
188967,-101408.732,-187640.913,-103266.712,1.2782,236974.380,212593.046,230596.243
189207,-101471.251,-187904.517,-103410.183,1.2765,237272.393,212370.114,230894.256
189447,-101533.601,-188167.798,-103553.476,1.2749,237570.021,212147.315,231191.884
189687,-101595.784,-188430.757,-103696.592,1.2732,237867.266,211924.648,231489.129
189927,-101657.798,-188693.394,-103839.531,1.2716,238164.130,211702.111,231785.993
190167,-101719.645,-188955.710,-103982.293,1.2700,238460.612,211479.705,232082.475
190407,-101781.325,-189217.705,-104124.880,1.2683,238756.715,211257.427,232378.578
190647,-101842.840,-189479.381,-104267.290,1.2667,239052.438,211035.277,232674.301
190887,-101904.189,-189740.739,-104409.526,1.2651,239347.782,210813.255,232969.645
191127,-101965.373,-190001.779,-104551.587,1.2635,239642.750,210591.360,233264.613
191367,-102026.392,-190262.501,-104693.473,1.2618,239937.340,210369.590,233559.203
191607,-102087.248,-190522.907,-104835.186,1.2602,240231.556,210147.946,233853.419
191847,-102147.940,-190782.996,-104976.725,1.2586,240525.396,209926.425,234147.259
192087,-102208.470,-191042.771,-105118.091,1.2570,240818.863,209705.028,234440.726
192327,-102268.837,-191302.232,-105259.284,1.2554,241111.957,209483.753,234733.820
192567,-102329.042,-191561.379,-105400.304,1.2538,241404.679,209262.600,235026.542
192807,-102389.087,-191820.213,-105541.153,1.2522,241697.030,209041.568,235318.893
193047,-102448.970,-192078.735,-105681.830,1.2507,241989.010,208820.656,235610.873
193287,-102508.693,-192336.945,-105822.336,1.2491,242280.621,208599.863,235902.484
193527,-102568.257,-192594.844,-105962.671,1.2475,242571.864,208379.189,236193.727
193767,-102627.661,-192852.434,-106102.836,1.2459,242862.739,208158.633,236484.602
194007,-102686.907,-193109.714,-106242.831,1.2444,243153.247,207938.194,236775.110
194247,-102745.995,-193366.685,-106382.656,1.2428,243443.390,207717.870,237065.253
194487,-102804.925,-193623.348,-106522.312,1.2412,243733.167,207497.663,237355.030
194727,-102863.698,-193879.704,-106661.799,1.2397,244022.580,207277.570,237644.443
194967,-102922.314,-194135.754,-106801.118,1.2381,244311.630,207057.591,237933.493
195207,-102980.774,-194391.497,-106940.268,1.2366,244600.317,206837.726,238222.180
195447,-103039.079,-194646.935,-107079.251,1.2350,244888.642,206617.972,238510.505
195687,-103097.228,-194902.069,-107218.066,1.2335,245176.607,206398.331,238798.470
195927,-103155.223,-195156.898,-107356.715,1.2319,245464.212,206178.801,239086.075
196167,-103213.064,-195411.425,-107495.196,1.2304,245751.457,205959.380,239373.320
196407,-103270.751,-195665.648,-107633.512,1.2288,246038.344,205740.070,239660.207
196647,-103328.284,-195919.570,-107771.662,1.2273,246324.874,205520.868,239946.737
196887,-103385.665,-196173.191,-107909.646,1.2258,246611.047,205301.774,240232.910
197127,-103442.894,-196426.511,-108047.465,1.2243,246896.863,205082.788,240518.726
197367,-103499.971,-196679.531,-108185.119,1.2227,247182.325,204863.908,240804.188
197607,-103556.897,-196932.251,-108322.609,1.2212,247467.433,204645.134,241089.296
197847,-103613.672,-197184.674,-108459.935,1.2197,247752.187,204426.466,241374.050
198087,-103670.297,-197436.798,-108597.097,1.2182,248036.588,204207.902,241658.451
198327,-103726.772,-197688.624,-108734.096,1.2167,248320.637,203989.441,241942.500
198567,-103783.097,-197940.154,-108870.931,1.2152,248604.336,203771.084,242226.199
198807,-103839.274,-198191.388,-109007.605,1.2137,248887.683,203552.830,242509.546
199047,-103895.302,-198442.326,-109144.115,1.2122,249170.682,203334.677,242792.545
199287,-103951.182,-198692.970,-109280.464,1.2107,249453.331,203116.625,243075.194
199527,-104006.915,-198943.319,-109416.652,1.2092,249735.633,202898.673,243357.496
199767,-104062.500,-199193.375,-109552.678,1.2077,250017.587,202680.822,243639.450
200007,-104117.939,-199443.138,-109688.543,1.2063,250299.195,202463.069,243921.058
200232,-104167.292,-199673.107,-109813.777,1.2048,250557.857,202262.334,244179.720
200472,-104222.432,-199922.279,-109949.326,1.2033,250838.768,202044.790,244460.631
200712,-104277.427,-200171.161,-110084.716,1.2018,251119.334,201827.343,244741.197
200952,-104332.277,-200419.752,-110219.945,1.2003,251399.557,201609.992,245021.420
201192,-104386.982,-200668.053,-110355.016,1.1989,251679.437,201392.737,245301.300
201432,-104441.543,-200916.065,-110489.927,1.1974,251958.976,201175.577,245580.839
201672,-104495.961,-201163.789,-110624.681,1.1960,252238.172,200958.512,245860.035
201912,-104550.236,-201411.224,-110759.275,1.1945,252517.029,200741.540,246138.892
202152,-104604.368,-201658.371,-110893.712,1.1930,252795.546,200524.662,246417.409
202392,-104658.357,-201905.232,-111027.992,1.1916,253073.723,200307.876,246695.586
202632,-104712.205,-202151.806,-111162.114,1.1902,253351.563,200091.183,246973.426
202872,-104765.912,-202398.095,-111296.079,1.1887,253629.064,199874.580,247250.927
203112,-104819.477,-202644.098,-111429.888,1.1873,253906.229,199658.068,247528.092
203352,-104872.902,-202889.817,-111563.541,1.1858,254183.058,199441.647,247804.921
203592,-104926.187,-203135.252,-111697.037,1.1844,254459.552,199225.314,248081.415
203832,-104979.332,-203380.403,-111830.378,1.1830,254735.710,199009.071,248357.573
204072,-105032.338,-203625.272,-111963.564,1.1815,255011.535,198792.915,248633.398
204312,-105085.205,-203869.858,-112096.595,1.1801,255287.027,198576.848,248908.890
204552,-105137.934,-204114.163,-112229.471,1.1787,255562.186,198360.867,249184.049
204792,-105190.524,-204358.187,-112362.193,1.1773,255837.013,198144.972,249458.876
205032,-105242.977,-204601.930,-112494.761,1.1759,256111.509,197929.164,249733.372
205272,-105295.293,-204845.393,-112627.175,1.1744,256385.675,197713.440,250007.538
205512,-105347.472,-205088.577,-112759.436,1.1730,256659.511,197497.801,250281.374
205752,-105399.514,-205331.481,-112891.543,1.1716,256933.017,197282.246,250554.880
205992,-105451.421,-205574.108,-113023.498,1.1702,257206.196,197066.775,250828.059
206232,-105503.191,-205816.457,-113155.301,1.1688,257479.047,196851.386,251100.910
206472,-105554.827,-206058.529,-113286.951,1.1674,257751.570,196636.080,251373.433
206712,-105606.328,-206300.324,-113418.450,1.1660,258023.768,196420.855,251645.631
206952,-105657.694,-206541.843,-113549.797,1.1646,258295.640,196205.711,251917.503
207192,-105708.926,-206783.086,-113680.992,1.1633,258567.186,195990.648,252189.049
207432,-105760.025,-207024.055,-113812.037,1.1619,258838.409,195775.665,252460.272
207672,-105810.991,-207264.749,-113942.931,1.1605,259109.308,195560.761,252731.171
207912,-105861.823,-207505.169,-114073.675,1.1591,259379.884,195345.936,253001.747
208152,-105912.523,-207745.316,-114204.269,1.1577,259650.137,195131.189,253272.000
208392,-105963.091,-207985.189,-114334.713,1.1564,259920.069,194916.520,253541.932
208632,-106013.528,-208224.791,-114465.008,1.1550,260189.680,194701.928,253811.543
208872,-106063.833,-208464.121,-114595.154,1.1536,260458.971,194487.412,254080.834
209112,-106114.007,-208703.180,-114725.150,1.1523,260727.942,194272.973,254349.805
209352,-106164.051,-208941.968,-114854.999,1.1509,260996.594,194058.609,254618.457
209592,-106213.964,-209180.485,-114984.698,1.1495,261264.928,193844.320,254886.791
209832,-106263.748,-209418.733,-115114.250,1.1482,261532.944,193630.105,255154.807
210072,-106313.402,-209656.712,-115243.655,1.1468,261800.643,193415.964,255422.506
210312,-106362.927,-209894.423,-115372.912,1.1455,262068.025,193201.897,255689.888
210552,-106412.324,-210131.865,-115502.021,1.1441,262335.092,192987.902,255956.955
210792,-106461.592,-210369.040,-115630.984,1.1428,262601.843,192773.980,256223.706
211032,-106510.733,-210605.947,-115759.801,1.1414,262868.280,192560.129,256490.143
211272,-106559.745,-210842.588,-115888.471,1.1401,263134.403,192346.350,256756.266
211512,-106608.631,-211078.963,-116016.995,1.1388,263400.212,192132.641,257022.075
211752,-106657.389,-211315.072,-116145.373,1.1374,263665.709,191919.003,257287.572
211992,-106706.022,-211550.917,-116273.606,1.1361,263930.894,191705.434,257552.757
212232,-106754.528,-211786.496,-116401.694,1.1348,264195.768,191491.934,257817.631
212472,-106802.908,-212021.812,-116529.637,1.1334,264460.330,191278.503,258082.193
212712,-106851.163,-212256.864,-116657.436,1.1321,264724.583,191065.140,258346.446
212952,-106899.293,-212491.653,-116785.090,1.1308,264988.526,190851.844,258610.389
213192,-106947.298,-212726.180,-116912.600,1.1295,265252.160,190638.616,258874.023
213432,-106995.179,-212960.444,-117039.967,1.1282,265515.485,190425.454,259137.348
213672,-107042.936,-213194.447,-117167.189,1.1268,265778.503,190212.359,259400.366
213912,-107090.569,-213428.189,-117294.269,1.1255,266041.214,189999.329,259663.077
214152,-107138.079,-213661.670,-117421.206,1.1242,266303.618,189786.364,259925.481
214392,-107185.466,-213894.891,-117548.000,1.1229,266565.716,189573.464,260187.579
214632,-107232.730,-214127.853,-117674.651,1.1216,266827.508,189360.628,260449.371
214872,-107279.872,-214360.555,-117801.161,1.1203,267088.996,189147.855,260710.859
215112,-107326.892,-214592.998,-117927.528,1.1190,267350.180,188935.146,260972.043
215352,-107373.791,-214825.184,-118053.754,1.1177,267611.060,188722.499,261232.923
215592,-107420.568,-215057.111,-118179.839,1.1164,267871.637,188509.915,261493.500
215832,-107467.225,-215288.781,-118305.783,1.1151,268131.911,188297.392,261753.774
216072,-107513.761,-215520.195,-118431.585,1.1138,268391.884,188084.931,262013.747
216312,-107560.176,-215751.352,-118557.247,1.1126,268651.556,187872.531,262273.419
216552,-107606.472,-215982.253,-118682.769,1.1113,268910.926,187660.190,262532.789
216792,-107652.648,-216212.899,-118808.151,1.1100,269169.997,187447.910,262791.860
217032,-107698.705,-216443.290,-118933.393,1.1087,269428.768,187235.689,263050.631
217272,-107744.643,-216673.427,-119058.495,1.1074,269687.240,187023.527,263309.103
217512,-107790.463,-216903.309,-119183.458,1.1062,269945.413,186811.424,263567.276
217752,-107836.164,-217132.938,-119308.282,1.1049,270203.289,186599.378,263825.152
217992,-107881.748,-217362.314,-119432.967,1.1036,270460.867,186387.390,264082.730
218232,-107927.214,-217591.437,-119557.514,1.1024,270718.149,186175.459,264340.012
218472,-107972.562,-217820.308,-119681.923,1.1011,270975.135,185963.585,264596.998
218712,-108017.794,-218048.928,-119806.193,1.0998,271231.824,185751.767,264853.687
218952,-108062.909,-218277.296,-119930.326,1.0986,271488.219,185540.005,265110.082
219192,-108107.908,-218505.413,-120054.321,1.0973,271744.319,185328.298,265366.182
219432,-108152.791,-218733.279,-120178.179,1.0961,272000.125,185116.646,265621.988
219672,-108197.558,-218960.896,-120301.900,1.0948,272255.638,184905.048,265877.501
219912,-108242.210,-219188.263,-120425.484,1.0936,272510.858,184693.504,266132.721
220152,-108286.746,-219415.382,-120548.931,1.0923,272765.786,184482.014,266387.649
220392,-108331.168,-219642.251,-120672.242,1.0911,273020.421,184270.577,266642.284
220632,-108375.476,-219868.872,-120795.417,1.0898,273274.766,184059.193,266896.629
220872,-108419.670,-220095.246,-120918.457,1.0886,273528.820,183847.861,267150.683
221112,-108463.750,-220321.372,-121041.360,1.0874,273782.583,183636.581,267404.446
221352,-108507.716,-220547.252,-121164.129,1.0861,274036.057,183425.352,267657.920
221592,-108551.569,-220772.884,-121286.762,1.0849,274289.242,183214.175,267911.105
221832,-108595.309,-220998.271,-121409.260,1.0837,274542.138,183003.048,268164.001
222072,-108638.937,-221223.412,-121531.624,1.0824,274794.746,182791.971,268416.609
222312,-108682.453,-221448.308,-121653.853,1.0812,275047.067,182580.943,268668.930
222552,-108725.856,-221672.960,-121775.949,1.0800,275299.100,182369.965,268920.963
222792,-108769.148,-221897.367,-121897.910,1.0788,275550.847,182159.036,269172.710
223032,-108812.329,-222121.530,-122019.737,1.0775,275802.308,181948.156,269424.171
223272,-108855.399,-222345.449,-122141.432,1.0763,276053.484,181737.324,269675.347
223512,-108898.358,-222569.126,-122262.992,1.0751,276304.374,181526.539,269926.237
223752,-108941.206,-222792.559,-122384.420,1.0739,276554.980,181315.801,270176.843
223992,-108983.944,-223015.751,-122505.716,1.0727,276805.303,181105.111,270427.166
224232,-109026.573,-223238.700,-122626.878,1.0715,277055.341,180894.467,270677.204
224472,-109069.092,-223461.409,-122747.909,1.0703,277305.097,180683.869,270926.960
224712,-109111.501,-223683.876,-122868.807,1.0691,277554.571,180473.316,271176.434
224952,-109153.802,-223906.102,-122989.573,1.0679,277803.762,180262.809,271425.625
225192,-109195.994,-224128.089,-123110.208,1.0667,278052.672,180052.347,271674.535
225432,-109238.078,-224349.835,-123230.711,1.0655,278301.302,179841.930,271923.165
225672,-109280.053,-224571.343,-123351.084,1.0643,278549.651,179631.556,272171.514
225912,-109321.921,-224792.611,-123471.325,1.0631,278797.719,179421.226,272419.582
226152,-109363.682,-225013.640,-123591.435,1.0619,279045.509,179210.940,272667.372
226392,-109405.335,-225234.432,-123711.415,1.0607,279293.020,179000.696,272914.883
226632,-109446.881,-225454.985,-123831.265,1.0595,279540.252,178790.495,273162.115
226872,-109488.320,-225675.302,-123950.985,1.0583,279787.206,178580.337,273409.069
227112,-109529.653,-225895.381,-124070.575,1.0572,280033.883,178370.220,273655.746
227352,-109570.880,-226115.223,-124190.035,1.0560,280280.283,178160.144,273902.146
227592,-109612.001,-226334.830,-124309.366,1.0548,280526.406,177950.110,274148.269
227832,-109653.017,-226554.200,-124428.567,1.0536,280772.253,177740.116,274394.116
228072,-109693.927,-226773.335,-124547.640,1.0525,281017.825,177530.163,274639.688
228312,-109734.733,-226992.235,-124666.584,1.0513,281263.122,177320.249,274884.985
228552,-109775.433,-227210.901,-124785.399,1.0501,281508.144,177110.376,275130.007
228792,-109816.030,-227429.332,-124904.086,1.0489,281752.892,176900.541,275374.755
229032,-109856.522,-227647.529,-125022.645,1.0478,281997.366,176690.745,275619.229
229272,-109896.910,-227865.493,-125141.076,1.0466,282241.568,176480.988,275863.431
229512,-109937.195,-228083.223,-125259.379,1.0455,282485.496,176271.269,276107.359
229752,-109977.376,-228300.721,-125377.555,1.0443,282729.153,176061.588,276351.016
229992,-110017.454,-228517.987,-125495.603,1.0431,282972.537,175851.944,276594.400
230232,-110057.430,-228735.020,-125613.525,1.0420,283215.651,175642.337,276837.514
230472,-110097.303,-228951.822,-125731.319,1.0408,283458.493,175432.767,277080.356
230712,-110137.074,-229168.392,-125848.987,1.0397,283701.066,175223.233,277322.929
230832,-110157.020,-229277.129,-125908.066,1.0391,283822.853,175117.958,277444.716
230904,-110168.856,-229341.698,-125943.147,1.0388,283895.170,175055.423,277517.033
231192,-110215.804,-229601.353,-126084.211,1.0374,284185.737,174804.700,277807.600
231432,-110255.266,-229817.235,-126201.507,1.0363,284427.505,174595.276,278049.368
231672,-110294.628,-230032.887,-126318.678,1.0351,284669.005,174385.886,278290.868
231912,-110333.888,-230248.311,-126435.723,1.0340,284910.238,174176.531,278532.101
232152,-110373.048,-230463.505,-126552.643,1.0328,285151.202,173967.211,278773.065
232392,-110412.107,-230678.470,-126669.438,1.0317,285391.899,173757.924,279013.762
232632,-110451.066,-230893.207,-126786.107,1.0306,285632.330,173548.671,279254.193
232872,-110489.925,-231107.716,-126902.652,1.0294,285872.494,173339.451,279494.357
233112,-110528.685,-231321.997,-127019.072,1.0283,286112.393,173130.264,279734.256
233352,-110567.345,-231536.052,-127135.368,1.0272,286352.026,172921.110,279973.889
233592,-110605.906,-231749.879,-127251.540,1.0260,286591.394,172711.988,280213.257
233832,-110644.369,-231963.480,-127367.587,1.0249,286830.498,172502.898,280452.361
234072,-110682.733,-232176.855,-127483.511,1.0238,287069.338,172293.840,280691.201
234312,-110720.998,-232390.004,-127599.311,1.0227,287307.914,172084.812,280929.777
234552,-110759.166,-232602.927,-127714.988,1.0215,287546.227,171875.816,281168.090
234792,-110797.235,-232815.626,-127830.541,1.0204,287784.277,171666.851,281406.140
235032,-110835.207,-233028.099,-127945.971,1.0193,288022.065,171457.915,281643.928
235272,-110873.082,-233240.348,-128061.279,1.0182,288259.591,171249.010,281881.454
235512,-110910.860,-233452.374,-128176.464,1.0171,288496.855,171040.134,282118.718
235752,-110948.541,-233664.175,-128291.526,1.0160,288733.859,170831.288,282355.722
235992,-110986.125,-233875.753,-128406.467,1.0149,288970.602,170622.470,282592.465
236232,-111023.613,-234087.109,-128521.285,1.0138,289207.085,170413.682,282828.948
236472,-111061.006,-234298.241,-128635.981,1.0126,289443.308,170204.921,283065.171
236712,-111098.302,-234509.151,-128750.556,1.0115,289679.271,169996.189,283301.134
236952,-111135.503,-234719.840,-128865.009,1.0104,289914.976,169787.485,283536.839
237192,-111172.608,-234930.306,-128979.340,1.0093,290150.423,169578.808,283772.286
237432,-111209.618,-235140.551,-129093.551,1.0082,290385.611,169370.158,284007.474
237672,-111246.534,-235350.576,-129207.641,1.0071,290620.542,169161.535,284242.405
237912,-111283.355,-235560.380,-129321.610,1.0060,290855.215,168952.938,284477.078
238152,-111320.081,-235769.963,-129435.458,1.0050,291089.632,168744.368,284711.495
238392,-111356.714,-235979.326,-129549.186,1.0039,291323.792,168535.823,284945.655
238632,-111393.252,-236188.470,-129662.794,1.0028,291557.697,168327.305,285179.560
238872,-111429.698,-236397.395,-129776.282,1.0017,291791.345,168118.811,285413.208
239112,-111466.049,-236606.101,-129889.650,1.0006,292024.739,167910.343,285646.602
239352,-111502.308,-236814.588,-130002.899,0.9995,292257.878,167701.899,285879.741
239592,-111538.473,-237022.856,-130116.028,0.9984,292490.762,167493.479,286112.625
239832,-111574.546,-237230.907,-130229.037,0.9974,292723.393,167285.084,286345.256
240072,-111610.527,-237438.740,-130341.928,0.9963,292955.770,167076.713,286577.633
240312,-111646.416,-237646.356,-130454.700,0.9952,293187.894,166868.365,286809.757
240552,-111682.212,-237853.755,-130567.353,0.9941,293419.765,166660.040,287041.628
240792,-111717.917,-238060.937,-130679.887,0.9930,293651.384,166451.738,287273.247
241032,-111753.530,-238267.902,-130792.303,0.9920,293882.751,166243.459,287504.614
241272,-111789.052,-238474.652,-130904.601,0.9909,294113.867,166035.203,287735.730
241512,-111824.483,-238681.186,-131016.781,0.9898,294344.731,165826.968,287966.594
241752,-111859.824,-238887.505,-131128.843,0.9888,294575.344,165618.755,288197.207
241992,-111895.073,-239093.608,-131240.787,0.9877,294805.708,165410.564,288427.571
242232,-111930.233,-239299.497,-131352.614,0.9866,295035.821,165202.394,288657.684
242472,-111965.302,-239505.172,-131464.324,0.9856,295265.685,164994.245,288887.548
242712,-112000.282,-239710.632,-131575.916,0.9845,295495.299,164786.117,289117.162
242952,-112035.172,-239915.878,-131687.392,0.9835,295724.665,164578.009,289346.528
243192,-112069.972,-240120.911,-131798.751,0.9824,295953.782,164369.921,289575.645
243432,-112104.684,-240325.731,-131909.993,0.9813,296182.652,164161.853,289804.515
243672,-112139.306,-240530.338,-132021.119,0.9803,296411.274,163953.804,290033.137
243912,-112173.840,-240734.732,-132132.128,0.9792,296639.648,163745.775,290261.511
244152,-112208.285,-240938.914,-132243.022,0.9782,296867.776,163537.765,290489.639
244392,-112242.642,-241142.884,-132353.799,0.9771,297095.657,163329.773,290717.520
244632,-112276.911,-241346.643,-132464.461,0.9761,297323.292,163121.800,290945.155
244872,-112311.092,-241550.190,-132575.007,0.9750,297550.681,162913.846,291172.544
245112,-112345.186,-241753.526,-132685.438,0.9740,297777.826,162705.909,291399.689
245352,-112379.192,-241956.651,-132795.753,0.9730,298004.725,162497.990,291626.588
245592,-112413.111,-242159.566,-132905.954,0.9719,298231.379,162290.088,291853.242
245832,-112446.943,-242362.271,-133016.039,0.9709,298457.789,162082.203,292079.652
246072,-112480.689,-242564.766,-133126.010,0.9698,298683.956,161874.336,292305.819
246312,-112514.348,-242767.051,-133235.866,0.9688,298909.879,161666.485,292531.742
246552,-112547.920,-242969.128,-133345.608,0.9678,299135.559,161458.650,292757.422
246792,-112581.407,-243170.995,-133455.235,0.9667,299360.996,161250.831,292982.859
247032,-112614.808,-243372.654,-133564.749,0.9657,299586.191,161043.029,293208.054
247272,-112648.123,-243574.104,-133674.149,0.9647,299811.143,160835.241,293433.006
247512,-112681.353,-243775.346,-133783.434,0.9637,300035.855,160627.470,293657.718
247752,-112714.498,-243976.381,-133892.607,0.9626,300260.324,160419.713,293882.187
247992,-112747.558,-244177.208,-134001.666,0.9616,300484.553,160211.971,294106.416
248232,-112780.533,-244377.828,-134110.611,0.9606,300708.542,160004.243,294330.405
248472,-112813.423,-244578.241,-134219.444,0.9596,300932.290,159796.530,294554.153
248712,-112846.229,-244778.447,-134328.163,0.9585,301155.799,159588.831,294777.662
248952,-112878.952,-244978.447,-134436.770,0.9575,301379.068,159381.146,295000.931
249192,-112911.590,-245178.241,-134545.264,0.9565,301602.098,159173.474,295223.961
249432,-112944.144,-245377.830,-134653.646,0.9555,301824.889,158965.816,295446.752
249672,-112976.616,-245577.213,-134761.916,0.9545,302047.442,158758.171,295669.305
249912,-113009.003,-245776.391,-134870.073,0.9535,302269.756,158550.538,295891.619
250152,-113041.308,-245975.363,-134978.118,0.9524,302491.833,158342.918,296113.696
250392,-113073.530,-246174.132,-135086.052,0.9514,302713.673,158135.311,296335.536
250632,-113105.670,-246372.696,-135193.874,0.9504,302935.276,157927.715,296557.139
250872,-113137.727,-246571.056,-135301.584,0.9494,303156.642,157720.132,296778.505
251112,-113169.702,-246769.212,-135409.183,0.9484,303377.772,157512.560,296999.635
251352,-113201.595,-246967.165,-135516.671,0.9474,303598.666,157304.999,297220.529
251592,-113233.406,-247164.915,-135624.048,0.9464,303819.324,157097.450,297441.187
251832,-113265.136,-247362.462,-135731.314,0.9454,304039.747,156889.911,297661.610
252072,-113296.784,-247559.806,-135838.469,0.9444,304259.935,156682.383,297881.798
252312,-113328.351,-247756.948,-135945.514,0.9434,304479.889,156474.866,298101.752
252552,-113359.837,-247953.887,-136052.448,0.9424,304699.609,156267.358,298321.472
252792,-113391.242,-248150.625,-136159.272,0.9414,304919.094,156059.861,298540.957
253032,-113422.567,-248347.162,-136265.986,0.9404,305138.346,155852.374,298760.209
253272,-113453.812,-248543.497,-136372.590,0.9394,305357.365,155644.895,298979.228
253512,-113484.976,-248739.631,-136479.084,0.9384,305576.151,155437.427,299198.014
253752,-113516.061,-248935.564,-136585.469,0.9375,305794.705,155229.967,299416.568
253992,-113547.066,-249131.297,-136691.744,0.9365,306013.026,155022.516,299634.889
254232,-113577.991,-249326.830,-136797.909,0.9355,306231.116,154815.073,299852.979
254472,-113608.837,-249522.163,-136903.966,0.9345,306448.974,154607.639,300070.837
254712,-113639.604,-249717.297,-137009.913,0.9335,306666.601,154400.213,300288.464
254952,-113670.292,-249912.230,-137115.752,0.9325,306883.997,154192.795,300505.860
255192,-113700.901,-250106.965,-137221.482,0.9316,307101.162,153985.385,300723.025
255432,-113731.432,-250301.501,-137327.103,0.9306,307318.098,153777.982,300939.961
255672,-113761.884,-250495.839,-137432.615,0.9296,307534.803,153570.586,301156.666
255912,-113792.259,-250689.978,-137538.020,0.9286,307751.280,153363.197,301373.143
256152,-113822.555,-250883.919,-137643.316,0.9276,307967.526,153155.816,301589.389
256392,-113852.774,-251077.662,-137748.504,0.9267,308183.544,152948.440,301805.407
256632,-113882.915,-251271.208,-137853.584,0.9257,308399.334,152741.071,302021.197
256872,-113912.979,-251464.557,-137958.557,0.9247,308614.895,152533.708,302236.758
257112,-113942.966,-251657.708,-138063.422,0.9238,308830.229,152326.352,302452.092
257352,-113972.876,-251850.663,-138168.180,0.9228,309045.334,152119.000,302667.197
257592,-114002.709,-252043.421,-138272.830,0.9218,309260.213,151911.655,302882.076
257832,-114032.466,-252235.983,-138377.373,0.9209,309474.865,151704.314,303096.728
258072,-114062.146,-252428.349,-138481.809,0.9199,309689.290,151496.979,303311.153
258312,-114091.751,-252620.520,-138586.138,0.9189,309903.489,151289.648,303525.352
258552,-114121.279,-252812.495,-138690.361,0.9180,310117.462,151082.323,303739.325
258792,-114150.732,-253004.274,-138794.477,0.9170,310331.209,150875.001,303953.072
259032,-114180.109,-253195.859,-138898.486,0.9161,310544.731,150667.684,304166.594
259272,-114209.410,-253387.249,-139002.389,0.9151,310758.028,150460.371,304379.891
259512,-114238.637,-253578.445,-139106.187,0.9141,310971.100,150253.062,304592.963
259752,-114267.788,-253769.446,-139209.878,0.9132,311183.948,150045.756,304805.811
259992,-114296.865,-253960.254,-139313.463,0.9122,311396.572,149838.453,305018.435
260232,-114325.868,-254150.867,-139416.942,0.9113,311608.972,149631.154,305230.835
260472,-114354.795,-254341.288,-139520.316,0.9103,311821.148,149423.858,305443.011
260712,-114383.649,-254531.515,-139623.584,0.9094,312033.102,149216.565,305654.965
260952,-114412.429,-254721.549,-139726.747,0.9084,312244.832,149009.274,305866.695
261192,-114441.134,-254911.390,-139829.805,0.9075,312456.340,148801.985,306078.203
261432,-114469.767,-255101.039,-139932.758,0.9065,312667.626,148594.699,306289.489
261672,-114498.325,-255290.496,-140035.606,0.9056,312878.690,148387.415,306500.553
261912,-114526.811,-255479.761,-140138.349,0.9047,313089.533,148180.132,306711.396
262031,-114546.543,-255569.891,-140191.781,0.9040,313194.213,148071.902,306816.076
262271,-114575.268,-255758.673,-140294.533,0.9030,313404.765,147864.274,307026.628
262511,-114603.921,-255947.263,-140397.180,0.9021,313615.096,147656.646,307236.959
262751,-114632.501,-256135.663,-140499.723,0.9012,313825.206,147449.019,307447.069
262991,-114661.008,-256323.871,-140602.162,0.9002,314035.096,147241.393,307656.959
263231,-114689.443,-256511.889,-140704.497,0.8993,314244.766,147033.768,307866.629
263471,-114717.807,-256699.717,-140806.728,0.8984,314454.216,146826.143,308076.079
263711,-114746.098,-256887.354,-140908.855,0.8974,314663.447,146618.519,308285.310
263951,-114774.318,-257074.801,-141010.878,0.8965,314872.459,146410.894,308494.322
264191,-114802.466,-257262.059,-141112.798,0.8956,315081.251,146203.270,308703.114
264431,-114830.543,-257449.127,-141214.615,0.8946,315289.826,145995.645,308911.689
264671,-114858.549,-257636.006,-141316.328,0.8937,315498.182,145788.019,309120.045
264911,-114886.484,-257822.696,-141417.938,0.8928,315706.320,145580.393,309328.183
265151,-114914.349,-258009.197,-141519.446,0.8919,315914.240,145372.766,309536.103
265389,-114941.925,-258194.051,-141620.056,0.8909,316120.316,145166.765,309742.179
265629,-114969.649,-258380.177,-141721.358,0.8900,316327.803,144959.136,309949.666
265869,-114997.303,-258566.114,-141822.558,0.8891,316535.074,144751.505,310156.937
266109,-115024.886,-258751.864,-141923.656,0.8882,316742.129,144543.872,310363.992
266349,-115052.401,-258937.427,-142024.651,0.8873,316948.967,144336.238,310570.830
266589,-115079.845,-259122.802,-142125.544,0.8863,317155.589,144128.602,310777.452
266829,-115107.220,-259307.990,-142226.335,0.8854,317361.995,143920.963,310983.858
267069,-115134.526,-259492.991,-142327.024,0.8845,317568.187,143713.322,311190.050
267309,-115161.762,-259677.806,-142427.611,0.8836,317774.163,143505.679,311396.026
267549,-115188.930,-259862.433,-142528.097,0.8827,317979.924,143298.032,311601.787
267789,-115216.029,-260046.875,-142628.481,0.8818,318185.471,143090.383,311807.334
268029,-115243.060,-260231.131,-142728.764,0.8808,318390.804,142882.731,312012.667
268269,-115270.022,-260415.201,-142828.945,0.8799,318595.923,142675.075,312217.786
268509,-115296.916,-260599.085,-142929.025,0.8790,318800.829,142467.416,312422.692
268649,-115297.121,-260717.619,-142983.691,0.8790,318922.309,142361.154,312544.172
268889,-115323.569,-260901.450,-143083.502,0.8781,319126.904,142153.824,312748.767
269129,-115349.949,-261085.096,-143183.211,0.8772,319331.286,141946.490,312953.149
269369,-115376.261,-261268.557,-143282.820,0.8763,319535.455,141739.152,313157.318
269609,-115402.506,-261451.834,-143382.328,0.8754,319739.412,141531.809,313361.275
269849,-115428.684,-261634.926,-143481.735,0.8744,319943.158,141324.463,313565.021
270089,-115454.795,-261817.834,-143581.043,0.8735,320146.691,141117.112,313768.554
270329,-115480.840,-262000.559,-143680.250,0.8726,320350.013,140909.756,313971.876
270569,-115506.817,-262183.099,-143779.356,0.8717,320553.125,140702.395,314174.988
270809,-115532.728,-262365.457,-143878.363,0.8709,320756.025,140495.029,314377.888
271049,-115558.573,-262547.631,-143977.270,0.8700,320958.715,140287.658,314580.578
271289,-115584.352,-262729.622,-144076.078,0.8691,321161.194,140080.282,314783.057
271529,-115610.065,-262911.430,-144174.785,0.8682,321363.464,139872.900,314985.327
271769,-115635.712,-263093.056,-144273.394,0.8673,321565.524,139665.512,315187.387
272009,-115661.294,-263274.499,-144371.902,0.8664,321767.374,139458.118,315389.237
272249,-115686.810,-263455.760,-144470.312,0.8655,321969.015,139250.718,315590.878
272489,-115712.261,-263636.840,-144568.623,0.8646,322170.448,139043.312,315792.311
272729,-115737.647,-263817.737,-144666.834,0.8637,322371.671,138835.900,315993.534
272969,-115762.969,-263998.454,-144764.947,0.8628,322572.687,138628.481,316194.550
273209,-115788.225,-264178.989,-144862.960,0.8619,322773.494,138421.055,316395.357
273449,-115813.417,-264359.342,-144960.876,0.8611,322974.093,138213.622,316595.956
273689,-115838.545,-264539.515,-145058.692,0.8602,323174.485,138006.182,316796.348
273929,-115863.609,-264719.508,-145156.410,0.8593,323374.670,137798.735,316996.533
274169,-115888.609,-264899.320,-145254.030,0.8584,323574.647,137591.281,317196.510
274409,-115913.545,-265078.951,-145351.552,0.8575,323774.418,137383.819,317396.281
274649,-115938.417,-265258.403,-145448.976,0.8566,323973.983,137176.349,317595.846
274889,-115963.226,-265437.675,-145546.301,0.8558,324173.341,136968.871,317795.204
275129,-115987.971,-265616.767,-145643.529,0.8549,324372.493,136761.386,317994.356
275369,-116012.654,-265795.680,-145740.660,0.8540,324571.439,136553.892,318193.302
275609,-116037.274,-265974.414,-145837.692,0.8531,324770.180,136346.389,318392.043
275849,-116061.830,-266152.969,-145934.627,0.8523,324968.716,136138.879,318590.579
276089,-116086.325,-266331.344,-146031.465,0.8514,325167.047,135931.359,318788.910
276329,-116110.757,-266509.542,-146128.206,0.8505,325365.174,135723.831,318987.037
276569,-116135.126,-266687.561,-146224.849,0.8497,325563.096,135516.293,319184.959
276809,-116159.434,-266865.402,-146321.395,0.8488,325760.813,135308.746,319382.676
277049,-116183.680,-267043.065,-146417.845,0.8479,325958.327,135101.190,319580.190
277289,-116207.864,-267220.550,-146514.197,0.8470,326155.638,134893.625,319777.501
277529,-116231.987,-267397.857,-146610.453,0.8462,326352.745,134686.050,319974.608
277769,-116256.048,-267574.988,-146706.613,0.8453,326549.648,134478.465,320171.511
278009,-116280.048,-267751.941,-146802.676,0.8445,326746.350,134270.870,320368.213
278249,-116303.987,-267928.717,-146898.643,0.8436,326942.848,134063.265,320564.711
278489,-116327.865,-268105.316,-146994.513,0.8427,327139.144,133855.650,320761.007
278729,-116351.683,-268281.739,-147090.287,0.8419,327335.238,133648.024,320957.101
278969,-116375.440,-268457.985,-147185.966,0.8410,327531.130,133440.388,321152.993
279209,-116399.137,-268634.056,-147281.548,0.8401,327726.821,133232.741,321348.684
279449,-116422.773,-268809.950,-147377.035,0.8393,327922.310,133025.083,321544.173
279689,-116446.350,-268985.669,-147472.426,0.8384,328117.599,132817.414,321739.462
279929,-116469.867,-269161.212,-147567.721,0.8376,328312.686,132609.733,321934.549
280169,-116493.324,-269336.579,-147662.921,0.8367,328507.573,132402.042,322129.436
280409,-116516.722,-269511.772,-147758.026,0.8359,328702.260,132194.339,322324.123
280649,-116540.060,-269686.789,-147853.035,0.8350,328896.746,131986.624,322518.609
280889,-116563.339,-269861.632,-147947.950,0.8342,329091.033,131778.898,322712.896
281129,-116586.560,-270036.300,-148042.769,0.8333,329285.120,131571.160,322906.983
281369,-116609.721,-270210.793,-148137.493,0.8325,329479.008,131363.409,323100.871
281609,-116632.824,-270385.113,-148232.123,0.8316,329672.697,131155.647,323294.560
281849,-116655.869,-270559.258,-148326.658,0.8308,329866.187,130947.872,323488.050
282089,-116678.855,-270733.230,-148421.098,0.8299,330059.478,130740.084,323681.341
282329,-116701.783,-270907.028,-148515.444,0.8291,330252.572,130532.284,323874.435
282569,-116724.654,-271080.652,-148609.696,0.8282,330445.467,130324.471,324067.330
282809,-116747.466,-271254.103,-148703.853,0.8274,330638.164,130116.645,324260.027
283049,-116770.221,-271427.381,-148797.916,0.8265,330830.663,129908.806,324452.526
283289,-116792.919,-271600.487,-148891.885,0.8257,331022.966,129700.953,324644.829
283529,-116815.559,-271773.419,-148985.761,0.8249,331215.071,129493.088,324836.934
283769,-116838.142,-271946.179,-149079.542,0.8240,331406.979,129285.208,325028.842
284009,-116860.668,-272118.767,-149173.230,0.8232,331598.691,129077.315,325220.554
284249,-116883.138,-272291.183,-149266.824,0.8223,331790.206,128869.409,325412.069
284489,-116905.551,-272463.426,-149360.324,0.8215,331981.525,128661.488,325603.388
284729,-116927.907,-272635.498,-149453.731,0.8207,332172.648,128453.553,325794.511
284969,-116950.208,-272807.398,-149547.045,0.8198,332363.576,128245.604,325985.439
285209,-116972.452,-272979.127,-149640.266,0.8190,332554.308,128037.640,326176.171
285449,-116994.640,-273150.685,-149733.393,0.8182,332744.844,127829.662,326366.707
285689,-117016.773,-273322.071,-149826.428,0.8173,332935.186,127621.670,326557.049
285929,-117038.850,-273493.287,-149919.370,0.8165,333125.334,127413.662,326747.197
286169,-117060.872,-273664.332,-150012.219,0.8157,333315.286,127205.640,326937.149
286409,-117082.838,-273835.207,-150104.975,0.8149,333505.045,126997.602,327126.908
286649,-117104.750,-274005.911,-150197.639,0.8140,333694.609,126789.549,327316.472
286889,-117126.606,-274176.445,-150290.210,0.8132,333883.980,126581.481,327505.843
287129,-117148.408,-274346.809,-150382.689,0.8124,334073.157,126373.397,327695.020
287369,-117170.155,-274517.004,-150475.075,0.8115,334262.141,126165.298,327884.004
287609,-117191.848,-274687.029,-150567.370,0.8107,334450.932,125957.183,328072.795
287849,-117213.487,-274856.884,-150659.572,0.8099,334639.530,125749.052,328261.393
288089,-117235.072,-275026.570,-150751.683,0.8091,334827.935,125540.905,328449.798
288329,-117256.603,-275196.088,-150843.701,0.8083,335016.148,125332.741,328638.011
288569,-117278.080,-275365.436,-150935.628,0.8074,335204.169,125124.562,328826.032
288809,-117299.503,-275534.615,-151027.463,0.8066,335391.998,124916.366,329013.861
289049,-117320.874,-275703.626,-151119.207,0.8058,335579.635,124708.153,329201.498
289289,-117342.191,-275872.469,-151210.859,0.8050,335767.081,124499.924,329388.944
289529,-117363.455,-276041.144,-151302.420,0.8042,335954.336,124291.678,329576.199
289769,-117384.666,-276209.650,-151393.889,0.8033,336141.399,124083.414,329763.262
290009,-117405.825,-276377.989,-151485.268,0.8025,336328.272,123875.134,329950.135
290249,-117426.930,-276546.160,-151576.555,0.8017,336514.955,123666.836,330136.818
290489,-117447.984,-276714.164,-151667.751,0.8009,336701.447,123458.521,330323.310
290729,-117468.986,-276882.000,-151758.857,0.8001,336887.748,123250.189,330509.611
290969,-117489.935,-277049.669,-151849.871,0.7993,337073.860,123041.839,330695.723
291209,-117510.833,-277217.171,-151940.795,0.7985,337259.783,122833.471,330881.646
291449,-117531.679,-277384.507,-152031.629,0.7977,337445.516,122625.085,331067.379
291689,-117552.473,-277551.675,-152122.372,0.7969,337631.060,122416.681,331252.923
291929,-117573.216,-277718.678,-152213.025,0.7961,337816.415,122208.259,331438.278
292169,-117593.908,-277885.514,-152303.587,0.7952,338001.581,121999.818,331623.444
292409,-117614.549,-278052.184,-152394.059,0.7944,338186.558,121791.359,331808.421
292649,-117635.139,-278218.688,-152484.441,0.7936,338371.348,121582.882,331993.211
292889,-117655.678,-278385.026,-152574.734,0.7928,338555.949,121374.386,332177.812
293129,-117676.167,-278551.198,-152664.936,0.7920,338740.362,121165.871,332362.225
293369,-117696.606,-278717.206,-152755.048,0.7912,338924.588,120957.337,332546.451
293609,-117716.994,-278883.047,-152845.071,0.7904,339108.627,120748.784,332730.490
293849,-117737.333,-279048.724,-152935.004,0.7896,339292.478,120540.212,332914.341
294089,-117757.622,-279214.236,-153024.848,0.7888,339476.142,120331.620,333098.005
294329,-117777.861,-279379.583,-153114.602,0.7880,339659.620,120123.009,333281.483
294569,-117798.050,-279544.765,-153204.267,0.7872,339842.911,119914.378,333464.774
294809,-117818.190,-279709.783,-153293.843,0.7864,340026.015,119705.728,333647.878
295049,-117838.281,-279874.637,-153383.329,0.7856,340208.934,119497.058,333830.797
295289,-117858.323,-280039.327,-153472.727,0.7848,340391.667,119288.367,334013.530
295529,-117878.317,-280203.852,-153562.035,0.7840,340574.214,119079.657,334196.077
295769,-117898.261,-280368.214,-153651.255,0.7833,340756.576,118870.927,334378.439
296009,-117918.158,-280532.412,-153740.386,0.7825,340938.752,118662.176,334560.615
296249,-117938.006,-280696.447,-153829.428,0.7817,341120.744,118453.404,334742.607
296489,-117957.805,-280860.319,-153918.382,0.7809,341302.550,118244.613,334924.413
296729,-117977.557,-281024.027,-154007.248,0.7801,341484.172,118035.800,335106.035
296969,-117997.261,-281187.572,-154096.024,0.7793,341665.610,117826.966,335287.473
297209,-118016.918,-281350.955,-154184.713,0.7785,341846.864,117618.112,335468.727
297449,-118036.527,-281514.175,-154273.313,0.7777,342027.934,117409.236,335649.797
297689,-118056.089,-281677.232,-154361.826,0.7769,342208.820,117200.340,335830.683
297929,-118075.603,-281840.127,-154450.250,0.7762,342389.522,116991.421,336011.385
298169,-118095.071,-282002.860,-154538.586,0.7754,342570.041,116782.482,336191.904
298409,-118114.492,-282165.430,-154626.835,0.7746,342750.378,116573.521,336372.241
298649,-118133.867,-282327.839,-154714.996,0.7738,342930.531,116364.538,336552.394
298889,-118153.195,-282490.086,-154803.069,0.7730,343110.502,116155.533,336732.365
299129,-118172.476,-282652.172,-154891.055,0.7722,343290.290,115946.506,336912.153
299369,-118191.712,-282814.096,-154978.953,0.7715,343469.896,115737.458,337091.759
299609,-118210.902,-282975.859,-155066.763,0.7707,343649.320,115528.387,337271.183
299849,-118230.046,-283137.461,-155154.487,0.7699,343828.562,115319.293,337450.425
300089,-118249.144,-283298.902,-155242.123,0.7691,344007.623,115110.178,337629.486
300329,-118268.197,-283460.182,-155329.672,0.7683,344186.502,114901.039,337808.365
300569,-118287.205,-283621.301,-155417.134,0.7676,344365.200,114691.878,337987.063
300809,-118306.168,-283782.260,-155504.510,0.7668,344543.717,114482.695,338165.580
301049,-118325.086,-283943.059,-155591.798,0.7660,344722.053,114273.488,338343.916
301289,-118343.960,-284103.697,-155678.999,0.7652,344900.209,114064.258,338522.072
301529,-118362.788,-284264.176,-155766.114,0.7645,345078.185,113855.005,338700.048
301769,-118381.573,-284424.494,-155853.143,0.7637,345255.980,113645.729,338877.843
302009,-118400.313,-284584.653,-155940.084,0.7629,345433.595,113436.430,339055.458
302249,-118419.009,-284744.652,-156026.940,0.7622,345611.031,113227.107,339232.894
302489,-118437.662,-284904.492,-156113.709,0.7614,345788.287,113017.760,339410.150
302729,-118456.271,-285064.173,-156200.392,0.7606,345965.364,112808.390,339587.227
302969,-118474.836,-285223.694,-156286.989,0.7599,346142.262,112598.995,339764.125
303209,-118493.358,-285383.057,-156373.499,0.7591,346318.980,112389.577,339940.843
303449,-118511.837,-285542.260,-156459.924,0.7583,346495.521,112180.134,340117.384
303689,-118530.273,-285701.305,-156546.263,0.7576,346671.882,111970.668,340293.745
303929,-118548.666,-285860.192,-156632.516,0.7568,346848.065,111761.177,340469.928
304169,-118567.016,-286018.920,-156718.683,0.7560,347024.071,111551.661,340645.934
304409,-118585.325,-286177.490,-156804.765,0.7553,347199.898,111342.121,340821.761
304649,-118603.590,-286335.902,-156890.761,0.7545,347375.548,111132.557,340997.411
304889,-118621.814,-286494.156,-156976.672,0.7537,347551.020,110922.967,341172.883
305129,-118639.996,-286652.252,-157062.497,0.7530,347726.315,110713.353,341348.178
305369,-118658.136,-286810.190,-157148.237,0.7522,347901.432,110503.713,341523.295
305609,-118676.235,-286967.971,-157233.892,0.7515,348076.373,110294.048,341698.236
305849,-118694.292,-287125.594,-157319.461,0.7507,348251.138,110084.359,341873.001
306089,-118712.308,-287283.061,-157404.946,0.7499,348425.725,109874.643,342047.588
306187,-118788.147,-287300.487,-157468.902,0.7492,348494.833,109719.817,342116.696
306427,-118806.443,-287457.504,-157554.416,0.7485,348669.158,109509.714,342291.021
306667,-118824.697,-287614.365,-157639.845,0.7477,348843.307,109299.586,342465.170
306907,-118842.911,-287771.070,-157725.190,0.7470,349017.280,109089.431,342639.143
307147,-118861.085,-287927.617,-157810.450,0.7462,349191.077,108879.251,342812.940
307387,-118879.218,-288084.009,-157895.625,0.7455,349364.699,108669.045,342986.562
307627,-118897.312,-288240.244,-157980.716,0.7447,349538.146,108458.812,343160.009
307867,-118915.365,-288396.323,-158065.723,0.7440,349711.418,108248.553,343333.281
308107,-118933.379,-288552.245,-158150.645,0.7432,349884.514,108038.268,343506.377
308347,-118951.353,-288708.012,-158235.482,0.7425,350057.436,107827.956,343679.299
308587,-118969.288,-288863.624,-158320.236,0.7417,350230.184,107617.617,343852.047
308827,-118987.184,-289019.080,-158404.905,0.7410,350402.758,107407.251,344024.621
309067,-119005.041,-289174.380,-158489.491,0.7402,350575.157,107196.859,344197.020
309307,-119022.859,-289329.525,-158573.993,0.7395,350747.382,106986.439,344369.245
309547,-119040.638,-289484.515,-158658.410,0.7387,350919.434,106775.993,344541.297
309787,-119058.379,-289639.350,-158742.744,0.7380,351091.312,106565.519,344713.175
310027,-119076.082,-289794.030,-158826.994,0.7372,351263.017,106355.017,344884.880
310267,-119093.747,-289948.555,-158911.161,0.7365,351434.549,106144.488,345056.412
310507,-119111.374,-290102.926,-158995.244,0.7357,351605.908,105933.932,345227.771
310747,-119128.963,-290257.142,-159079.244,0.7350,351777.094,105723.347,345398.957
310987,-119146.514,-290411.204,-159163.160,0.7343,351948.108,105512.735,345569.971
311227,-119164.029,-290565.112,-159246.993,0.7335,352118.949,105302.095,345740.812
311467,-119181.506,-290718.865,-159330.742,0.7328,352289.619,105091.427,345911.482
311707,-119198.946,-290872.465,-159414.409,0.7320,352460.116,104880.731,346081.979
311947,-119216.349,-291025.911,-159497.992,0.7313,352630.442,104670.006,346252.305
312187,-119233.716,-291179.203,-159581.493,0.7306,352800.596,104459.253,346422.459
312427,-119251.047,-291332.342,-159664.911,0.7298,352970.579,104248.471,346592.442
312667,-119268.341,-291485.327,-159748.245,0.7291,353140.390,104037.661,346762.253
312907,-119285.599,-291638.160,-159831.497,0.7283,353310.031,103826.822,346931.894
313147,-119302.821,-291790.838,-159914.667,0.7276,353479.501,103615.954,347101.364
313387,-119320.008,-291943.364,-159997.754,0.7269,353648.800,103405.057,347270.663
313627,-119337.160,-292095.738,-160080.758,0.7261,353817.929,103194.131,347439.792
313867,-119354.276,-292247.958,-160163.680,0.7254,353986.887,102983.176,347608.750
314107,-119371.356,-292400.026,-160246.519,0.7247,354155.676,102772.191,347777.539
314347,-119388.403,-292551.941,-160329.277,0.7239,354324.295,102561.177,347946.158
314587,-119405.414,-292703.704,-160411.952,0.7232,354492.744,102350.134,348114.607
314827,-119422.391,-292855.315,-160494.545,0.7225,354661.024,102139.060,348282.887
315067,-119439.333,-293006.773,-160577.056,0.7217,354829.134,101927.957,348450.997
315307,-119456.242,-293158.080,-160659.485,0.7210,354997.076,101716.824,348618.939
315547,-119473.116,-293309.235,-160741.832,0.7203,355164.848,101505.661,348786.711
315787,-119489.957,-293460.238,-160824.097,0.7196,355332.452,101294.468,348954.315
316027,-119506.764,-293611.090,-160906.281,0.7188,355499.887,101083.245,349121.750
316267,-119523.538,-293761.790,-160988.382,0.7181,355667.154,100871.991,349289.017
316507,-119540.279,-293912.339,-161070.403,0.7174,355834.253,100660.707,349456.116
316747,-119556.987,-294062.736,-161152.342,0.7167,356001.184,100449.392,349623.047
316987,-119573.662,-294212.983,-161234.199,0.7159,356167.948,100238.047,349789.811
317227,-119590.304,-294363.079,-161315.975,0.7152,356334.543,100026.670,349956.406
317467,-119606.914,-294513.024,-161397.670,0.7145,356500.972,99815.263,350122.835
317707,-119623.492,-294662.818,-161479.283,0.7138,356667.233,99603.825,350289.096
317947,-119640.038,-294812.461,-161560.816,0.7130,356833.327,99392.355,350455.190
318187,-119656.552,-294961.954,-161642.267,0.7123,356999.254,99180.855,350621.117
318427,-119673.035,-295111.297,-161723.637,0.7116,357165.015,98969.323,350786.878
318667,-119689.486,-295260.490,-161804.927,0.7109,357330.609,98757.759,350952.472
318907,-119705.906,-295409.532,-161886.135,0.7102,357496.037,98546.164,351117.900
319147,-119722.296,-295558.425,-161967.263,0.7094,357661.299,98334.537,351283.162
319387,-119738.654,-295707.168,-162048.311,0.7087,357826.395,98122.878,351448.258
319627,-119754.982,-295855.761,-162129.277,0.7080,357991.326,97911.187,351613.189
319867,-119771.279,-296004.204,-162210.163,0.7073,358156.091,97699.465,351777.954
320107,-119787.546,-296152.498,-162290.969,0.7066,358320.690,97487.710,351942.553
320347,-119803.784,-296300.643,-162371.694,0.7059,358485.124,97275.922,352106.987
320587,-119819.991,-296448.638,-162452.339,0.7051,358649.394,97064.103,352271.257
320827,-119836.169,-296596.484,-162532.904,0.7044,358813.499,96852.250,352435.362
321067,-119852.318,-296744.182,-162613.388,0.7037,358977.439,96640.365,352599.302
321307,-119868.437,-296891.730,-162693.793,0.7030,359141.214,96428.448,352763.077
321547,-119884.528,-297039.130,-162774.117,0.7023,359304.826,96216.497,352926.689
321787,-119900.590,-297186.381,-162854.362,0.7016,359468.273,96004.514,353090.136
322027,-119916.623,-297333.483,-162934.526,0.7009,359631.557,95792.497,353253.420
322267,-119932.628,-297480.437,-163014.611,0.7002,359794.677,95580.448,353416.540
322507,-119948.605,-297627.243,-163094.616,0.6994,359957.633,95368.364,353579.496
322747,-119964.555,-297773.901,-163174.541,0.6987,360120.426,95156.248,353742.289
322987,-119980.476,-297920.410,-163254.387,0.6980,360283.056,94944.098,353904.919
323227,-119996.370,-298066.772,-163334.153,0.6973,360445.523,94731.914,354067.386
323467,-120012.237,-298212.986,-163413.840,0.6966,360607.827,94519.696,354229.690
323707,-120028.077,-298359.052,-163493.448,0.6959,360769.969,94307.445,354391.832
323947,-120043.890,-298504.970,-163572.976,0.6952,360931.948,94095.159,354553.811
324187,-120059.676,-298650.741,-163652.425,0.6945,361093.765,93882.840,354715.628
324427,-120075.436,-298796.365,-163731.795,0.6938,361255.420,93670.486,354877.283
324667,-120091.170,-298941.841,-163811.085,0.6931,361416.913,93458.097,355038.776
324907,-120106.878,-299087.171,-163890.297,0.6924,361578.245,93245.674,355200.108
325147,-120122.560,-299232.353,-163969.429,0.6917,361739.415,93033.217,355361.278
325387,-120138.217,-299377.388,-164048.483,0.6910,361900.423,92820.725,355522.286
325627,-120153.848,-299522.276,-164127.458,0.6903,362061.271,92608.198,355683.134
325867,-120169.455,-299667.018,-164206.355,0.6896,362221.958,92395.636,355843.821
326107,-120185.036,-299811.613,-164285.172,0.6889,362382.483,92183.039,356004.346
326347,-120200.593,-299956.062,-164363.911,0.6882,362542.849,91970.407,356164.712
326587,-120216.126,-300100.364,-164442.571,0.6875,362703.053,91757.739,356324.916
326827,-120231.634,-300244.520,-164521.153,0.6868,362863.098,91545.037,356484.961
327067,-120247.119,-300388.530,-164599.657,0.6861,363022.982,91332.298,356644.845
327307,-120262.580,-300532.394,-164678.082,0.6854,363182.707,91119.524,356804.570
327547,-120278.017,-300676.112,-164756.429,0.6847,363342.272,90906.714,356964.135
327787,-120293.431,-300819.684,-164834.698,0.6840,363501.677,90693.868,357123.540
328027,-120308.822,-300963.110,-164912.889,0.6833,363660.923,90480.987,357282.786
328267,-120324.190,-301106.391,-164991.001,0.6826,363820.010,90268.069,357441.873
328507,-120339.536,-301249.526,-165069.036,0.6819,363978.938,90055.114,357600.801
328747,-120354.859,-301392.516,-165146.992,0.6812,364137.707,89842.124,357759.570
328987,-120370.161,-301535.360,-165224.871,0.6805,364296.318,89629.097,357918.181
329227,-120385.440,-301678.060,-165302.672,0.6798,364454.770,89416.033,358076.633
329467,-120400.698,-301820.614,-165380.395,0.6792,364613.064,89202.933,358234.927
329707,-120415.935,-301963.023,-165458.041,0.6785,364771.199,88989.796,358393.062
329947,-120431.150,-302105.287,-165535.609,0.6778,364929.177,88776.621,358551.040
330187,-120446.344,-302247.407,-165613.100,0.6771,365086.997,88563.410,358708.860
330427,-120461.518,-302389.382,-165690.513,0.6764,365244.660,88350.162,358866.523
330667,-120476.672,-302531.212,-165767.848,0.6757,365402.165,88136.876,359024.028
330907,-120491.805,-302672.898,-165845.107,0.6750,365559.513,87923.552,359181.376
331147,-120506.918,-302814.439,-165922.288,0.6743,365716.704,87710.192,359338.567
331387,-120522.012,-302955.836,-165999.392,0.6737,365873.738,87496.793,359495.601
331627,-120537.086,-303097.089,-166076.419,0.6730,366030.615,87283.357,359652.478
331867,-120552.141,-303238.198,-166153.368,0.6723,366187.336,87069.882,359809.199
332107,-120567.177,-303379.163,-166230.241,0.6716,366343.901,86856.370,359965.764
332347,-120582.194,-303519.984,-166307.037,0.6709,366500.309,86642.819,360122.172
332587,-120597.193,-303660.661,-166383.756,0.6702,366656.562,86429.230,360278.425
332736,-120606.493,-303747.900,-166431.333,0.6698,366753.462,86296.646,360375.325
332856,-120613.999,-303818.322,-166469.739,0.6695,366831.683,86189.550,360453.546
332976,-120621.501,-303888.708,-166508.126,0.6691,366909.865,86082.442,360531.728
333097,-120628.998,-303959.057,-166546.493,0.6688,366988.008,85975.326,360609.871
333217,-120636.491,-304029.371,-166584.841,0.6684,367066.112,85868.200,360687.975
333337,-120643.980,-304099.649,-166623.170,0.6681,367144.177,85761.064,360766.040
333458,-120651.464,-304169.890,-166661.480,0.6678,367222.203,85653.918,360844.066
333578,-120658.944,-304240.096,-166699.770,0.6674,367300.190,85546.762,360922.053
333698,-120666.420,-304310.265,-166738.041,0.6671,367378.139,85439.597,361000.002
333819,-120673.447,-304380.488,-166776.725,0.6668,367456.172,85332.849,361078.035
334059,-120688.314,-304520.291,-166853.011,0.6661,367611.485,85119.045,361233.348
334299,-120703.164,-304659.952,-166929.220,0.6655,367766.644,84905.203,361388.507
334539,-120717.998,-304799.469,-167005.354,0.6648,367921.649,84691.321,361543.512
334779,-120732.816,-304938.844,-167081.411,0.6641,368076.499,84477.399,361698.362
335019,-120747.618,-305078.075,-167157.391,0.6634,368231.195,84263.438,361853.058
335259,-120762.404,-305217.164,-167233.296,0.6627,368385.736,84049.438,362007.599
335499,-120777.175,-305356.110,-167309.124,0.6621,368540.125,83835.398,362161.988
335739,-120791.932,-305494.914,-167384.877,0.6614,368694.359,83621.317,362316.222
335979,-120806.673,-305633.575,-167460.554,0.6607,368848.440,83407.197,362470.303
336219,-120821.400,-305772.094,-167536.154,0.6600,369002.368,83193.036,362624.231
336459,-120836.113,-305910.471,-167611.679,0.6594,369156.142,82978.836,362778.005
336699,-120850.811,-306048.706,-167687.128,0.6587,369309.764,82764.594,362931.627
336939,-120865.496,-306186.798,-167762.501,0.6580,369463.233,82550.312,363085.096
337179,-120880.168,-306324.748,-167837.799,0.6574,369616.549,82335.990,363238.412
337419,-120894.827,-306462.557,-167913.021,0.6567,369769.713,82121.626,363391.576
337659,-120909.473,-306600.224,-167988.167,0.6560,369922.724,81907.222,363544.587
337899,-120924.106,-306737.749,-168063.238,0.6553,370075.584,81692.777,363697.447
338139,-120938.727,-306875.132,-168138.234,0.6547,370228.292,81478.290,363850.155
338379,-120953.336,-307012.374,-168213.154,0.6540,370380.847,81263.762,364002.710
338619,-120967.933,-307149.474,-168287.999,0.6533,370533.252,81049.192,364155.115
338859,-120982.519,-307286.433,-168362.769,0.6527,370685.505,80834.581,364307.368
339099,-120997.094,-307423.250,-168437.463,0.6520,370837.607,80619.929,364459.470
339339,-121011.658,-307559.926,-168512.083,0.6513,370989.557,80405.234,364611.420
339579,-121026.211,-307696.462,-168586.627,0.6507,371141.357,80190.497,364763.220
339819,-121040.754,-307832.856,-168661.097,0.6500,371293.007,79975.718,364914.870
340059,-121055.288,-307969.109,-168735.491,0.6493,371444.505,79760.897,365066.368
340299,-121069.811,-308105.221,-168809.811,0.6487,371595.854,79546.034,365217.717
340539,-121084.326,-308241.192,-168884.055,0.6480,371747.052,79331.128,365368.915
340779,-121098.831,-308377.023,-168958.225,0.6473,371898.101,79116.179,365519.964
341019,-121113.328,-308512.713,-169032.321,0.6467,372048.999,78901.187,365670.862
341259,-121127.816,-308648.263,-169106.341,0.6460,372199.748,78686.153,365821.611
341499,-121142.296,-308783.672,-169180.288,0.6453,372350.348,78471.075,365972.211
341739,-121156.768,-308918.940,-169254.159,0.6447,372500.798,78255.954,366122.661
341979,-121171.233,-309054.068,-169327.956,0.6440,372651.099,78040.790,366272.962
342219,-121185.690,-309189.056,-169401.679,0.6434,372801.251,77825.582,366423.114
342459,-121200.141,-309323.904,-169475.327,0.6427,372951.255,77610.331,366573.118
342691,-121212.645,-309453.305,-169550.176,0.6421,373096.657,77403.380,366718.520
342931,-121227.083,-309587.876,-169623.691,0.6414,373246.373,77188.043,366868.236
343171,-121241.514,-309722.306,-169697.132,0.6408,373395.940,76972.662,367017.803
343411,-121255.940,-309856.597,-169770.498,0.6401,373545.360,76757.236,367167.223
343651,-121270.361,-309990.748,-169843.791,0.6394,373694.632,76541.767,367316.495
343891,-121284.777,-310124.760,-169917.009,0.6388,373843.756,76326.252,367465.619
344131,-121299.189,-310258.631,-169990.154,0.6381,373992.732,76110.694,367614.595
344371,-121313.596,-310392.363,-170063.224,0.6375,374141.561,75895.090,367763.424
344611,-121327.999,-310525.956,-170136.221,0.6368,374290.243,75679.442,367912.106
344851,-121342.398,-310659.409,-170209.144,0.6362,374438.778,75463.748,368060.641
345091,-121356.795,-310792.722,-170281.994,0.6355,374587.166,75248.010,368209.029
345331,-121371.188,-310925.897,-170354.769,0.6349,374735.408,75032.226,368357.271
345571,-121385.579,-311058.932,-170427.471,0.6342,374883.503,74816.396,368505.366
345811,-121399.967,-311191.828,-170500.099,0.6335,375031.452,74600.521,368653.315
346051,-121414.354,-311324.584,-170572.654,0.6329,375179.254,74384.600,368801.117
346291,-121428.739,-311457.202,-170645.136,0.6322,375326.911,74168.634,368948.774
346531,-121443.123,-311589.681,-170717.544,0.6316,375474.421,73952.621,369096.284
346771,-121457.507,-311722.021,-170789.878,0.6309,375621.787,73736.562,369243.650
347011,-121471.889,-311854.222,-170862.140,0.6303,375769.006,73520.457,369390.869
347251,-121486.272,-311986.284,-170934.328,0.6296,375916.081,73304.305,369537.944
347491,-121500.655,-312118.207,-171006.443,0.6290,376063.010,73088.107,369684.873
347731,-121515.038,-312249.992,-171078.484,0.6283,376209.795,72871.862,369831.658
347971,-121529.423,-312381.638,-171150.453,0.6277,376356.435,72655.570,369978.298
348211,-121543.809,-312513.145,-171222.349,0.6270,376502.930,72439.231,370124.793
348451,-121558.197,-312644.514,-171294.171,0.6264,376649.281,72222.844,370271.144
348691,-121572.587,-312775.745,-171365.921,0.6257,376795.487,72006.410,370417.350
348931,-121586.979,-312906.837,-171437.598,0.6251,376941.550,71789.929,370563.413
349171,-121601.374,-313037.791,-171509.202,0.6244,377087.469,71573.400,370709.332
349411,-121615.773,-313168.607,-171580.733,0.6238,377233.244,71356.823,370855.107
349540,-121623.533,-313239.039,-171619.248,0.6234,377311.735,71240.101,370933.598
349608,-121627.528,-313276.130,-171639.342,0.6234,377352.955,71178.849,370974.818
349669,-121631.130,-313309.679,-171657.491,0.6233,377390.224,71123.460,371012.087
349922,-121645.895,-313447.320,-171732.072,0.6226,377543.177,70896.096,371165.040
350162,-121659.962,-313578.089,-171802.825,0.6220,377688.463,70679.747,371310.326
350402,-121674.035,-313708.721,-171873.505,0.6213,377833.606,70463.349,371455.469
350642,-121688.112,-313839.214,-171944.113,0.6207,377978.606,70246.903,371600.469
350882,-121702.196,-313969.569,-172014.648,0.6200,378123.464,70030.408,371745.327
351122,-121716.285,-314099.787,-172085.111,0.6194,378268.179,69813.864,371890.042
351362,-121730.381,-314229.866,-172155.501,0.6187,378412.753,69597.271,372034.616
351602,-121744.484,-314359.808,-172225.820,0.6181,378557.184,69380.629,372179.047
351842,-121758.594,-314489.612,-172296.066,0.6175,378701.473,69163.938,372323.336
352082,-121772.712,-314619.279,-172366.239,0.6168,378845.621,68947.197,372467.484
352322,-121786.839,-314748.807,-172436.341,0.6162,378989.627,68730.407,372611.490
352562,-121800.974,-314878.198,-172506.370,0.6155,379133.492,68513.567,372755.355
352802,-121815.118,-315007.452,-172576.327,0.6149,379277.215,68296.677,372899.078
353042,-121829.271,-315136.567,-172646.213,0.6142,379420.798,68079.737,373042.661
353282,-121843.434,-315265.546,-172716.026,0.6136,379564.240,67862.747,373186.103
353522,-121857.608,-315394.387,-172785.767,0.6130,379707.542,67645.706,373329.405
353762,-121871.793,-315523.090,-172855.437,0.6123,379850.703,67428.614,373472.566
354002,-121885.989,-315651.656,-172925.035,0.6117,379993.723,67211.472,373615.586
354242,-121900.196,-315780.085,-172994.560,0.6111,380136.604,66994.279,373758.467
354482,-121914.416,-315908.376,-173064.015,0.6104,380279.345,66777.035,373901.208
354722,-121928.649,-316036.530,-173133.397,0.6098,380421.946,66559.740,374043.809
354962,-121942.894,-316164.547,-173202.708,0.6091,380564.407,66342.393,374186.270
355202,-121957.153,-316292.427,-173271.947,0.6085,380706.730,66124.995,374328.593
355442,-121971.426,-316420.169,-173341.114,0.6079,380848.913,65907.545,374470.776
355682,-121985.714,-316547.774,-173410.211,0.6072,380990.957,65690.043,374612.820
355922,-122000.017,-316675.242,-173479.235,0.6066,381132.862,65472.489,374754.725
356162,-122014.335,-316802.573,-173548.188,0.6060,381274.628,65254.883,374896.491
356402,-122028.669,-316929.767,-173617.070,0.6053,381416.256,65037.224,375038.119
356642,-122043.020,-317056.824,-173685.881,0.6047,381557.746,64819.513,375179.609
356882,-122057.387,-317183.744,-173754.620,0.6041,381699.098,64601.749,375320.961
357122,-122071.772,-317310.527,-173823.287,0.6034,381840.311,64383.932,375462.174
357362,-122086.175,-317437.173,-173891.884,0.6028,381981.387,64166.061,375603.250
357602,-122100.597,-317563.681,-173960.410,0.6022,382122.325,63948.138,375744.188
357842,-122115.037,-317690.053,-174028.864,0.6015,382263.126,63730.161,375884.989
358082,-122129.497,-317816.288,-174097.247,0.6009,382403.790,63512.131,376025.653
358322,-122143.977,-317942.386,-174165.559,0.6003,382544.317,63294.046,376166.180
358562,-122158.478,-318068.347,-174233.800,0.5996,382684.706,63075.908,376306.569
358802,-122173.000,-318194.171,-174301.971,0.5990,382824.959,62857.716,376446.822
359042,-122187.543,-318319.859,-174370.070,0.5984,382965.076,62639.469,376586.939
359282,-122202.109,-318445.409,-174438.098,0.5978,383105.056,62421.168,376726.919
359522,-122216.697,-318570.822,-174506.056,0.5971,383244.900,62202.812,376866.763
359762,-122231.309,-318696.099,-174573.942,0.5965,383384.608,61984.401,377006.471
360002,-122245.944,-318821.239,-174641.758,0.5959,383524.180,61765.935,377146.043
360242,-122260.604,-318946.242,-174709.503,0.5952,383663.617,61547.414,377285.480
360482,-122275.289,-319071.108,-174777.178,0.5946,383802.918,61328.837,377424.781
360722,-122290.000,-319195.837,-174844.782,0.5940,383942.084,61110.205,377563.947
360962,-122304.736,-319320.429,-174912.315,0.5934,384081.115,60891.517,377702.978
361202,-122319.500,-319444.884,-174979.777,0.5927,384220.011,60672.773,377841.874
361442,-122334.290,-319569.203,-175047.169,0.5921,384358.772,60453.973,377980.635
361682,-122349.109,-319693.385,-175114.491,0.5915,384497.399,60235.116,378119.262
361922,-122363.956,-319817.429,-175181.742,0.5909,384635.891,60016.203,378257.754
362162,-122378.833,-319941.337,-175248.922,0.5902,384774.249,59797.234,378396.112
362402,-122393.739,-320065.108,-175316.032,0.5896,384912.473,59578.207,378534.336
362642,-122408.675,-320188.742,-175383.072,0.5890,385050.563,59359.124,378672.426
362882,-122423.643,-320312.239,-175450.041,0.5884,385188.520,59139.983,378810.383
363122,-122438.642,-320435.599,-175516.940,0.5877,385326.343,58920.784,378948.206
363362,-122453.674,-320558.822,-175583.768,0.5871,385464.033,58701.528,379085.896
363602,-122468.738,-320681.908,-175650.527,0.5865,385601.589,58482.215,379223.452
363842,-122483.836,-320804.857,-175717.215,0.5859,385739.013,58262.843,379360.876
364082,-122498.969,-320927.669,-175783.833,0.5852,385876.304,58043.413,379498.167
364322,-122514.136,-321050.344,-175850.380,0.5846,386013.462,57823.924,379635.325
364562,-122529.339,-321172.882,-175916.858,0.5840,386150.488,57604.378,379772.351
364802,-122544.579,-321295.282,-175983.265,0.5834,386287.382,57384.772,379909.245
365042,-122559.855,-321417.546,-176049.602,0.5828,386424.144,57165.107,380046.007
365282,-122575.169,-321539.672,-176115.869,0.5821,386560.774,56945.383,380182.637
365522,-122590.521,-321661.660,-176182.066,0.5815,386697.272,56725.600,380319.135
365762,-122605.913,-321783.512,-176248.193,0.5809,386833.639,56505.757,380455.502
366002,-122621.344,-321905.226,-176314.251,0.5803,386969.874,56285.855,380591.737
366242,-122636.816,-322026.803,-176380.238,0.5797,387105.979,56065.892,380727.842
366482,-122652.330,-322148.242,-176446.155,0.5790,387241.952,55845.870,380863.815
366722,-122667.885,-322269.544,-176512.002,0.5784,387377.794,55625.787,380999.657
366962,-122683.483,-322390.708,-176577.779,0.5778,387513.506,55405.643,381135.369
367202,-122699.125,-322511.734,-176643.486,0.5772,387649.088,55185.439,381270.951
367442,-122714.811,-322632.623,-176709.123,0.5766,387784.539,54965.174,381406.402
367682,-122730.542,-322753.374,-176774.691,0.5759,387919.860,54744.848,381541.723
367922,-122746.319,-322873.987,-176840.189,0.5753,388055.051,54524.461,381676.914
368162,-122762.143,-322994.463,-176905.616,0.5747,388190.113,54304.012,381811.976
368402,-122778.014,-323114.800,-176970.974,0.5741,388325.045,54083.501,381946.908
368642,-122793.934,-323234.999,-177036.262,0.5735,388459.848,53862.929,382081.711
368882,-122809.903,-323355.061,-177101.481,0.5729,388594.521,53642.294,382216.384
369122,-122825.922,-323474.983,-177166.629,0.5722,388729.066,53421.598,382350.929
369362,-122841.991,-323594.768,-177231.708,0.5716,388863.481,53200.839,382485.344
369602,-122858.113,-323714.414,-177296.717,0.5710,388997.768,52980.017,382619.631
369842,-122874.287,-323833.922,-177361.656,0.5704,389131.927,52759.132,382753.790
370082,-122890.514,-323953.291,-177426.526,0.5698,389265.957,52538.184,382887.820
370322,-122906.796,-324072.522,-177491.326,0.5692,389399.859,52317.173,383021.722
370562,-122923.132,-324191.614,-177556.056,0.5686,389533.634,52096.099,383155.497
370802,-122939.525,-324310.566,-177620.716,0.5679,389667.280,51874.961,383289.143
371042,-122955.976,-324429.380,-177685.307,0.5673,389800.799,51653.759,383422.662
371282,-122972.484,-324548.055,-177749.827,0.5667,389934.190,51432.493,383556.053
371522,-122989.050,-324666.590,-177814.279,0.5661,390067.455,51211.163,383689.318
371762,-123005.677,-324784.987,-177878.660,0.5655,390200.592,50989.769,383822.455
372002,-123022.365,-324903.243,-177942.972,0.5649,390333.602,50768.310,383955.465
372242,-123039.114,-325021.360,-178007.214,0.5643,390466.485,50546.786,384088.348
372482,-123055.926,-325139.337,-178071.386,0.5636,390599.242,50325.197,384221.105
372722,-123072.802,-325257.175,-178135.489,0.5630,390731.873,50103.543,384353.736
372962,-123089.743,-325374.872,-178199.521,0.5624,390864.377,49881.824,384486.240
373202,-123106.749,-325492.429,-178263.484,0.5618,390996.756,49660.039,384618.619
373442,-123123.823,-325609.846,-178327.378,0.5612,391129.008,49438.189,384750.871
373682,-123140.964,-325727.122,-178391.201,0.5606,391261.135,49216.272,384882.998
373922,-123158.174,-325844.258,-178454.955,0.5600,391393.136,48994.290,385014.999
374162,-123175.455,-325961.252,-178518.639,0.5594,391525.012,48772.241,385146.875
374402,-123192.806,-326078.106,-178582.253,0.5588,391656.763,48550.126,385278.626
374642,-123210.230,-326194.819,-178645.798,0.5581,391788.389,48327.944,385410.252
374882,-123227.727,-326311.390,-178709.272,0.5575,391919.889,48105.696,385541.752
375122,-123245.299,-326427.819,-178772.677,0.5569,392051.266,47883.380,385673.129
375362,-123262.946,-326544.107,-178836.011,0.5563,392182.517,47660.998,385804.380
375602,-123280.670,-326660.253,-178899.276,0.5557,392313.644,47438.548,385935.507
375842,-123298.472,-326776.257,-178962.471,0.5551,392444.647,47216.030,386066.510
376082,-123316.353,-326892.118,-179025.596,0.5545,392575.526,46993.445,386197.389
376322,-123334.315,-327007.836,-179088.651,0.5539,392706.281,46770.792,386328.144
376562,-123352.358,-327123.412,-179151.636,0.5533,392836.912,46548.071,386458.775
376802,-123370.484,-327238.845,-179214.551,0.5526,392967.420,46325.282,386589.283
377042,-123388.695,-327354.134,-179277.396,0.5520,393097.804,46102.424,386719.667
377282,-123406.991,-327469.280,-179340.170,0.5514,393228.065,45879.498,386849.928
377522,-123425.373,-327584.282,-179402.875,0.5508,393358.203,45656.504,386980.066
377762,-123443.844,-327699.140,-179465.509,0.5502,393488.218,45433.441,387110.081
378002,-123462.404,-327813.853,-179528.073,0.5496,393618.110,45210.309,387239.973
378242,-123481.055,-327928.422,-179590.567,0.5490,393747.879,44987.107,387369.742
378482,-123499.797,-328042.846,-179652.990,0.5484,393877.526,44763.837,387499.389
378722,-123518.634,-328157.125,-179715.343,0.5478,394007.051,44540.497,387628.914
378962,-123537.565,-328271.258,-179777.626,0.5472,394136.453,44317.088,387758.316
379202,-123556.593,-328385.245,-179839.838,0.5466,394265.733,44093.609,387887.596
379442,-123575.718,-328499.086,-179901.979,0.5459,394394.891,43870.061,388016.754
379682,-123594.943,-328612.781,-179964.050,0.5453,394523.927,43646.443,388145.790
379922,-123614.269,-328726.328,-180026.050,0.5447,394652.841,43422.754,388274.704
380162,-123633.697,-328839.729,-180087.979,0.5441,394781.634,43198.996,388403.497
380402,-123653.229,-328952.982,-180149.837,0.5435,394910.305,42975.168,388532.168
380642,-123672.866,-329066.087,-180211.625,0.5429,395038.855,42751.269,388660.718
380882,-123692.611,-329179.044,-180273.341,0.5423,395167.284,42527.300,388789.147
381122,-123712.464,-329291.852,-180334.987,0.5417,395295.592,42303.261,388917.455
381362,-123732.427,-329404.511,-180396.561,0.5411,395423.778,42079.151,389045.641
381602,-123752.502,-329517.021,-180458.063,0.5405,395551.844,41854.971,389173.707
381842,-123772.691,-329629.380,-180519.495,0.5399,395679.789,41630.720,389301.652
382082,-123792.995,-329741.590,-180580.855,0.5392,395807.613,41406.399,389429.476
382322,-123813.416,-329853.648,-180642.143,0.5386,395935.317,41182.007,389557.180
382562,-123833.957,-329965.555,-180703.360,0.5380,396062.900,40957.544,389684.763
382802,-123854.617,-330077.311,-180764.505,0.5374,396190.363,40733.010,389812.226
383042,-123875.401,-330188.914,-180825.578,0.5368,396317.705,40508.406,389939.568
383282,-123896.308,-330300.365,-180886.579,0.5362,396444.927,40283.731,390066.790
383522,-123917.342,-330411.662,-180947.508,0.5356,396572.030,40058.985,390193.893
383762,-123938.504,-330522.805,-181008.364,0.5350,396699.011,39834.168,390320.874
384002,-123959.797,-330633.795,-181069.148,0.5344,396825.873,39609.280,390447.736
384242,-123981.221,-330744.629,-181129.860,0.5338,396952.615,39384.322,390574.478
384482,-124002.779,-330855.308,-181190.499,0.5332,397079.237,39159.293,390701.100
384722,-124024.474,-330965.830,-181251.065,0.5325,397205.739,38934.194,390827.602
384962,-124046.306,-331076.197,-181311.558,0.5319,397332.122,38709.024,390953.985
385202,-124068.279,-331186.405,-181371.978,0.5313,397458.384,38483.784,391080.247
385442,-124090.395,-331296.456,-181432.324,0.5307,397584.527,38258.473,391206.390
385682,-124112.655,-331406.349,-181492.597,0.5301,397710.550,38033.092,391332.413
385922,-124135.062,-331516.082,-181552.796,0.5295,397836.454,37807.641,391458.317
386162,-124157.618,-331625.655,-181612.921,0.5289,397962.237,37582.120,391584.100
386402,-124180.326,-331735.067,-181672.973,0.5283,398087.901,37356.530,391709.764
386642,-124203.187,-331844.318,-181732.950,0.5277,398213.445,37130.870,391835.308
386882,-124226.205,-331953.407,-181792.852,0.5270,398338.870,36905.140,391960.733
387122,-124249.381,-332062.333,-181852.680,0.5264,398464.175,36679.341,392086.038
387362,-124272.718,-332171.095,-181912.433,0.5258,398589.360,36453.474,392211.223
387602,-124296.218,-332279.692,-181972.110,0.5252,398714.425,36227.538,392336.288
387842,-124319.885,-332388.124,-182031.713,0.5246,398839.370,36001.533,392461.233
388082,-124343.720,-332496.389,-182091.239,0.5240,398964.195,35775.461,392586.058
388322,-124367.727,-332604.487,-182150.690,0.5234,399088.900,35549.321,392710.763
388562,-124391.908,-332712.417,-182210.064,0.5228,399213.485,35323.114,392835.348
388802,-124416.265,-332820.178,-182269.362,0.5221,399337.950,35096.839,392959.813
389042,-124440.802,-332927.769,-182328.583,0.5215,399462.294,34870.499,393084.157
389282,-124465.521,-333035.188,-182387.727,0.5209,399586.518,34644.092,393208.381
389522,-124490.426,-333142.435,-182446.794,0.5203,399710.621,34417.620,393332.484
389762,-124515.519,-333249.509,-182505.783,0.5197,399834.604,34191.083,393456.467
390002,-124540.803,-333356.408,-182564.694,0.5191,399958.465,33964.481,393580.328
390242,-124566.281,-333463.132,-182623.527,0.5184,400082.206,33737.815,393704.069
390482,-124591.956,-333569.679,-182682.281,0.5178,400205.825,33511.087,393827.688
390722,-124617.833,-333676.048,-182740.956,0.5172,400329.322,33284.295,393951.185
390962,-124643.913,-333782.237,-182799.551,0.5166,400452.697,33057.442,394074.560
391202,-124670.200,-333888.247,-182858.066,0.5160,400575.951,32830.528,394197.814
391442,-124696.697,-333994.074,-182916.502,0.5154,400699.082,32603.553,394320.945
391682,-124723.409,-334099.718,-182974.856,0.5147,400822.090,32376.519,394443.953
391922,-124750.337,-334205.177,-183033.129,0.5141,400944.975,32149.427,394566.838
392162,-124777.487,-334310.450,-183091.321,0.5135,401067.737,31922.277,394689.600
392402,-124804.862,-334415.535,-183149.430,0.5129,401190.375,31695.070,394812.238
392642,-124832.464,-334520.431,-183207.457,0.5122,401312.889,31467.808,394934.752
392882,-124860.299,-334625.136,-183265.401,0.5116,401435.279,31240.491,395057.142
393122,-124888.369,-334729.648,-183323.261,0.5110,401557.543,31013.121,395179.406
393362,-124916.680,-334833.966,-183381.037,0.5104,401679.682,30785.699,395301.545
393602,-124945.234,-334938.088,-183438.728,0.5097,401801.694,30558.226,395423.557
393842,-124974.037,-335042.013,-183496.334,0.5091,401923.581,30330.704,395545.444
394082,-125003.091,-335145.737,-183553.854,0.5085,402045.340,30103.134,395667.203
394322,-125032.402,-335249.260,-183611.287,0.5079,402166.971,29875.518,395788.834
394562,-125061.974,-335352.579,-183668.633,0.5072,402288.474,29647.858,395910.337
394802,-125091.811,-335455.692,-183725.891,0.5066,402409.847,29420.154,396031.710
395042,-125121.918,-335558.596,-183783.060,0.5060,402531.091,29192.409,396152.954
395282,-125152.299,-335661.291,-183840.140,0.5053,402652.204,28964.625,396274.067
395522,-125182.959,-335763.773,-183897.130,0.5047,402773.186,28736.803,396395.049
395762,-125213.904,-335866.040,-183954.029,0.5041,402894.035,28508.947,396515.898
396002,-125245.137,-335968.090,-184010.836,0.5034,403014.751,28281.057,396636.614
396242,-125276.665,-336069.920,-184067.550,0.5028,403135.333,28053.137,396757.196
396482,-125308.492,-336171.527,-184124.170,0.5022,403255.779,27825.189,396877.642
396722,-125340.623,-336272.908,-184180.696,0.5015,403376.089,27597.215,396997.952
396962,-125373.064,-336374.062,-184237.127,0.5009,403496.262,27369.219,397118.125
397202,-125405.821,-336474.984,-184293.461,0.5002,403616.296,27141.202,397238.159
397442,-125438.898,-336575.672,-184349.698,0.4996,403736.190,26913.169,397358.053
397682,-125472.303,-336676.123,-184405.836,0.4989,403855.943,26685.122,397477.806
397922,-125506.041,-336776.333,-184461.874,0.4983,403975.553,26457.064,397597.416
398162,-125540.117,-336876.298,-184517.812,0.4976,404095.019,26228.999,397716.882
398402,-125574.538,-336976.017,-184573.647,0.4970,404214.339,26000.932,397836.202
398642,-125609.310,-337075.484,-184629.379,0.4963,404333.511,25772.865,397955.374
398882,-125644.441,-337174.696,-184685.006,0.4957,404452.535,25544.802,398074.398
399122,-125679.936,-337273.650,-184740.527,0.4950,404571.407,25316.749,398193.270
399362,-125715.801,-337372.340,-184795.940,0.4944,404690.126,25088.709,398311.989
399602,-125752.045,-337470.764,-184851.245,0.4937,404808.691,24860.688,398430.554
399842,-125788.675,-337568.915,-184906.439,0.4931,404927.098,24632.690,398548.961
400082,-125825.696,-337666.791,-184961.520,0.4924,405045.345,24404.721,398667.208
400322,-125863.118,-337764.386,-185016.488,0.4917,405163.431,24176.786,398785.294
400562,-125900.947,-337861.695,-185071.340,0.4911,405281.352,23948.892,398903.215
400802,-125939.191,-337958.713,-185126.074,0.4904,405399.106,23721.043,399020.969
401042,-125977.859,-338055.435,-185180.690,0.4897,405516.690,23493.247,399138.553
401182,-126000.674,-338111.866,-185212.576,0.4893,405585.382,23360.043,399207.245
401247,-126011.330,-338138.062,-185227.384,0.4891,405617.293,23298.132,399239.156
401313,-126022.019,-338164.235,-185242.183,0.4890,405649.190,23236.225,399271.053
401378,-126032.740,-338190.386,-185256.973,0.4888,405681.075,23174.323,399302.938
401443,-126043.494,-338216.513,-185271.753,0.4886,405712.946,23112.426,399334.809
401508,-126054.281,-338242.617,-185286.525,0.4884,405744.804,23050.536,399366.667
401574,-126065.101,-338268.699,-185301.287,0.4882,405776.649,22988.651,399398.512
401639,-126075.954,-338294.757,-185316.039,0.4880,405808.481,22926.770,399430.344
401704,-126086.841,-338320.791,-185330.783,0.4879,405840.299,22864.896,399462.162
401769,-126097.761,-338346.803,-185345.516,0.4877,405872.104,22803.028,399493.967
401835,-126104.088,-338372.800,-185361.199,0.4875,405902.904,22745.541,399524.767
402075,-126144.641,-338468.185,-185415.292,0.4868,406019.721,22518.080,399641.584
402315,-126185.664,-338563.242,-185469.254,0.4861,406136.350,22290.713,399758.213
402555,-126227.164,-338657.964,-185523.082,0.4854,406252.787,22063.448,399874.650
402795,-126269.152,-338752.343,-185576.774,0.4847,406369.029,21836.295,399990.892
403035,-126311.637,-338846.374,-185630.327,0.4840,406485.071,21609.264,400106.934
403275,-126354.630,-338940.047,-185683.738,0.4833,406600.908,21382.365,400222.771
403515,-126398.140,-339033.355,-185737.004,0.4826,406716.536,21155.611,400338.399
403755,-126442.178,-339126.290,-185790.122,0.4819,406831.948,20929.012,400453.811
403995,-126486.755,-339218.842,-185843.088,0.4812,406947.141,20702.581,400569.004
404235,-126531.882,-339311.003,-185895.900,0.4805,407062.107,20476.332,400683.970
404475,-126577.570,-339402.762,-185948.553,0.4798,407176.842,20250.277,400798.705
404715,-126623.830,-339494.110,-186001.044,0.4791,407291.338,20024.433,400913.201
404955,-126670.675,-339585.037,-186053.369,0.4784,407405.588,19798.813,401027.451
405195,-126718.117,-339675.531,-186105.523,0.4776,407519.586,19573.435,401141.449
405435,-126766.167,-339765.581,-186157.502,0.4769,407633.324,19348.316,401255.187
405675,-126814.839,-339855.175,-186209.302,0.4762,407746.794,19123.475,401368.657
405915,-126864.146,-339944.301,-186260.918,0.4754,407859.987,18898.930,401481.850
406155,-126914.101,-340032.946,-186312.344,0.4747,407972.895,18674.702,401594.758
406395,-126964.717,-340121.095,-186363.576,0.4739,408085.507,18450.813,401707.370
406635,-127016.009,-340208.734,-186414.608,0.4732,408197.814,18227.285,401819.677
406875,-127067.991,-340295.849,-186465.433,0.4724,408309.805,18004.143,401931.668
407115,-127120.677,-340382.423,-186516.046,0.4716,408421.468,17781.414,402043.331
407355,-127174.082,-340468.440,-186566.441,0.4708,408532.793,17559.123,402154.656
407595,-127228.222,-340553.883,-186616.610,0.4701,408643.765,17337.300,402265.628
407835,-127283.112,-340638.733,-186666.546,0.4693,408754.372,17115.975,402376.235
408075,-127338.767,-340722.972,-186716.242,0.4685,408864.599,16895.182,402486.462
408315,-127395.204,-340806.579,-186765.689,0.4677,408974.430,16674.953,402596.293
408555,-127452.440,-340889.533,-186814.879,0.4669,409083.851,16455.327,402705.714
408795,-127510.491,-340971.812,-186863.804,0.4661,409192.843,16236.341,402814.706
409035,-127569.374,-341053.393,-186912.454,0.4652,409301.389,16018.038,402923.252
409275,-127629.106,-341134.251,-186960.820,0.4644,409409.470,15800.459,403031.333
409515,-127689.705,-341214.361,-187008.890,0.4636,409517.064,15583.653,403138.927
409755,-127751.189,-341293.695,-187056.654,0.4627,409624.150,15367.667,403246.013
409995,-127813.575,-341372.226,-187104.100,0.4619,409730.705,15152.556,403352.568
410235,-127876.881,-341449.923,-187151.217,0.4610,409836.705,14938.373,403458.568
410475,-127941.127,-341526.754,-187197.991,0.4601,409942.123,14725.179,403563.986
410715,-128006.330,-341602.688,-187244.409,0.4593,410046.931,14513.036,403668.794
410955,-128072.508,-341677.688,-187290.456,0.4584,410151.100,14302.010,403772.963
411195,-128139.679,-341751.719,-187336.117,0.4575,410254.599,14092.174,403876.462
411435,-128207.863,-341824.742,-187381.377,0.4565,410357.394,13883.603,403979.257
411675,-128277.077,-341896.715,-187426.218,0.4556,410459.450,13676.376,404081.313
411915,-128347.339,-341967.597,-187470.623,0.4547,410560.728,13470.579,404182.591
412155,-128418.666,-342037.343,-187514.573,0.4537,410661.190,13266.304,404283.053
412395,-128491.075,-342105.904,-187558.048,0.4528,410760.791,13063.646,404382.654
412635,-128564.582,-342173.232,-187601.027,0.4518,410859.487,12862.708,404481.350
412875,-128639.204,-342239.275,-187643.488,0.4508,410957.229,12663.600,404579.092
413115,-128714.954,-342303.977,-187685.407,0.4498,411053.967,12466.437,404675.830
413355,-128791.847,-342367.280,-187726.761,0.4488,411149.645,12271.341,404771.508
413595,-128869.895,-342429.125,-187767.522,0.4478,411244.207,12078.444,404866.070
413835,-128949.108,-342489.447,-187807.665,0.4468,411337.590,11887.884,404959.453
414075,-129029.495,-342548.181,-187847.160,0.4458,411429.730,11699.807,405051.593
414315,-129111.064,-342605.256,-187885.978,0.4447,411520.557,11514.369,405142.420
414555,-129193.819,-342660.601,-187924.086,0.4436,411610.000,11331.735,405231.863
414795,-129277.761,-342714.139,-187961.451,0.4426,411697.981,11152.077,405319.844
415035,-129362.890,-342765.791,-187998.040,0.4415,411784.419,10975.579,405406.282
415275,-129449.201,-342815.475,-188033.815,0.4404,411869.228,10802.435,405491.091
415515,-129536.685,-342863.106,-188068.739,0.4393,411952.319,10632.846,405574.182
415755,-129625.330,-342908.596,-188102.773,0.4382,412033.596,10467.027,405655.459
415995,-129715.118,-342951.853,-188135.875,0.4370,412112.961,10305.200,405734.824
416235,-129806.026,-342992.784,-188168.004,0.4359,412190.310,10147.598,405812.173
416475,-129898.025,-343031.293,-188199.117,0.4348,412265.536,9994.466,405887.399
416715,-129991.080,-343067.281,-188229.168,0.4336,412338.526,9846.054,405960.389
416955,-130085.150,-343100.650,-188258.112,0.4325,412409.164,9702.624,406031.027
417195,-130180.184,-343131.298,-188285.902,0.4313,412477.332,9564.444,406099.195
417435,-130276.127,-343159.124,-188312.492,0.4302,412542.905,9431.791,406164.768
417675,-130372.912,-343184.029,-188337.833,0.4290,412605.760,9304.946,406227.623
417915,-130470.467,-343205.910,-188361.879,0.4279,412665.769,9184.194,406287.632
418155,-130568.706,-343224.672,-188384.581,0.4268,412722.804,9069.822,406344.667
418395,-130667.539,-343240.218,-188405.895,0.4257,412776.737,8962.120,406398.600
418635,-130766.865,-343252.457,-188425.775,0.4246,412827.440,8861.372,406449.303
418875,-130866.571,-343261.304,-188444.178,0.4236,412874.788,8767.859,406496.651
419115,-130966.538,-343266.679,-188461.063,0.4225,412918.660,8681.855,406540.523
419355,-131066.638,-343268.510,-188476.392,0.4215,412958.937,8603.622,406580.800
419595,-131166.733,-343266.732,-188490.130,0.4206,412995.509,8533.409,406617.372
419835,-131266.681,-343261.292,-188502.246,0.4197,413028.271,8471.447,406650.134
420075,-131366.329,-343252.147,-188512.715,0.4188,413057.130,8417.947,406678.993
420315,-131465.522,-343239.267,-188521.514,0.4180,413082.000,8373.098,406703.863
420555,-131564.101,-343222.632,-188528.628,0.4173,413102.809,8337.059,406724.672
420795,-131661.902,-343202.238,-188534.046,0.4166,413119.497,8309.965,406741.360
421035,-131758.763,-343178.093,-188537.764,0.4159,413132.017,8291.915,406753.880
421275,-131854.521,-343150.221,-188539.785,0.4154,413140.339,8282.978,406762.202
421515,-131949.016,-343118.659,-188540.115,0.4149,413144.445,8283.188,406766.308
421755,-132042.092,-343083.457,-188538.771,0.4145,413144.334,8292.544,406766.197
421995,-132133.599,-343044.679,-188535.771,0.4142,413140.021,8311.010,406761.884
422235,-132223.394,-343002.402,-188531.143,0.4139,413131.536,8338.518,406753.399
422475,-132311.343,-342956.713,-188524.918,0.4137,413118.921,8374.963,406740.784
422715,-132397.320,-342907.711,-188517.133,0.4136,413102.237,8420.214,406724.100
422955,-132481.214,-342855.503,-188507.829,0.4136,413081.553,8474.106,406703.416
423195,-132562.920,-342800.203,-188497.051,0.4136,413056.951,8536.452,406678.814
423435,-132642.349,-342741.933,-188484.848,0.4137,413028.526,8607.040,406650.389
423675,-132719.423,-342680.819,-188471.271,0.4138,412996.379,8685.636,406618.242
423915,-132794.076,-342616.990,-188456.374,0.4141,412960.619,8771.992,406582.482
424155,-132866.254,-342550.577,-188440.212,0.4144,412921.364,8865.844,406543.227
424395,-132935.914,-342481.714,-188422.839,0.4147,412878.733,8966.919,406500.596
424635,-133003.027,-342410.531,-188404.313,0.4151,412832.850,9074.936,406454.713
424875,-133067.572,-342337.160,-188384.689,0.4155,412783.843,9189.609,406405.706
425115,-133129.538,-342261.728,-188364.023,0.4160,412731.838,9310.650,406353.701
425355,-133188.924,-342184.361,-188342.371,0.4166,412676.962,9437.771,406298.825
425595,-133245.738,-342105.180,-188319.784,0.4171,412619.342,9570.688,406241.205
425835,-133299.994,-342024.302,-188296.316,0.4177,412559.104,9709.118,406180.967
426075,-133351.712,-341941.840,-188272.017,0.4184,412496.367,9852.786,406118.230
426315,-133400.921,-341857.901,-188246.935,0.4190,412431.253,10001.425,406053.116
426555,-133447.652,-341772.589,-188221.116,0.4197,412363.877,10154.773,405985.740
426795,-133491.942,-341686.000,-188194.606,0.4204,412294.350,10312.578,405916.213
427035,-133533.830,-341598.226,-188167.447,0.4211,412222.780,10474.599,405844.643
427275,-133573.361,-341509.356,-188139.678,0.4218,412149.271,10640.602,405771.134
427515,-133610.579,-341419.470,-188111.338,0.4226,412073.921,10810.364,405695.784
427755,-133645.532,-341328.645,-188082.463,0.4234,411996.827,10983.673,405618.690
427995,-133678.270,-341236.953,-188053.087,0.4241,411918.077,11160.327,405539.940
428235,-133708.841,-341144.463,-188023.242,0.4249,411837.757,11340.132,405459.620
428475,-133737.297,-341051.236,-187992.958,0.4257,411755.950,11522.906,405377.813
428715,-133763.689,-340957.331,-187962.263,0.4265,411672.732,11708.476,405294.595
428955,-133788.067,-340862.803,-187931.184,0.4273,411588.176,11896.678,405210.039
429195,-133810.483,-340767.702,-187899.745,0.4281,411502.352,12087.356,405124.215
429435,-133830.986,-340672.076,-187867.969,0.4289,411415.325,12280.365,405037.188
429675,-133849.627,-340575.968,-187835.878,0.4297,411327.157,12475.567,404949.020
429915,-133866.455,-340479.419,-187803.493,0.4305,411237.905,12672.831,404859.768
430155,-133881.518,-340382.467,-187770.832,0.4313,411147.625,12872.035,404769.488
430395,-133894.864,-340285.145,-187737.912,0.4321,411056.369,13073.063,404678.232
430635,-133906.538,-340187.487,-187704.751,0.4329,410964.184,13275.806,404586.047
430875,-133916.586,-340089.522,-187671.363,0.4337,410871.117,13480.163,404492.980
431115,-133925.053,-339991.277,-187637.762,0.4345,410777.212,13686.037,404399.075
431355,-133931.981,-339892.777,-187603.962,0.4353,410682.508,13893.337,404304.371
431595,-133937.412,-339794.047,-187569.975,0.4361,410587.044,14101.979,404208.907
431835,-133941.387,-339695.107,-187535.813,0.4368,410490.855,14311.881,404112.718
432075,-133943.945,-339595.978,-187501.485,0.4376,410393.976,14522.970,404015.839
432315,-133945.125,-339496.677,-187467.003,0.4384,410296.439,14735.173,403918.302
432555,-133944.963,-339397.222,-187432.375,0.4392,410198.273,14948.425,403820.136
432795,-133943.496,-339297.628,-187397.611,0.4400,410099.507,15162.663,403721.370
433035,-133940.759,-339197.910,-187362.716,0.4407,410000.166,15377.827,403622.029
433275,-133936.785,-339098.079,-187327.701,0.4415,409900.277,15593.862,403522.140
433515,-133931.607,-338998.150,-187292.570,0.4423,409799.863,15810.716,403421.726
433755,-133925.256,-338898.131,-187257.331,0.4430,409698.945,16028.340,403320.808
433995,-133917.764,-338798.035,-187221.989,0.4438,409597.545,16246.688,403219.408
434235,-133909.158,-338697.869,-187186.551,0.4445,409495.682,16465.716,403117.545
434475,-133899.469,-338597.642,-187151.020,0.4453,409393.375,16685.382,403015.238
434715,-133888.724,-338497.363,-187115.403,0.4460,409290.642,16905.649,402912.505
434955,-133876.949,-338397.039,-187079.703,0.4468,409187.498,17126.480,402809.361
435195,-133864.171,-338296.675,-187043.924,0.4475,409083.959,17347.840,402705.822
435435,-133850.413,-338196.277,-187008.071,0.4482,408980.041,17569.697,402601.904
435675,-133835.700,-338095.852,-186972.147,0.4490,408875.756,17792.021,402497.619
435915,-133820.056,-337995.404,-186936.155,0.4497,408771.118,18014.783,402392.981
436155,-133803.503,-337894.938,-186900.099,0.4504,408666.139,18237.955,402288.002
436395,-133786.063,-337794.457,-186863.980,0.4512,408560.831,18461.512,402182.694
436635,-133767.757,-337693.965,-186827.802,0.4519,408455.205,18685.429,402077.068
436875,-133748.604,-337593.466,-186791.568,0.4526,408349.271,18909.685,401971.134
437115,-133728.625,-337492.962,-186755.279,0.4533,408243.039,19134.256,401864.902
437355,-133707.839,-337392.456,-186718.937,0.4540,408136.518,19359.124,401758.381
437595,-133686.265,-337291.951,-186682.545,0.4547,408029.717,19584.267,401651.580
437835,-133663.919,-337191.448,-186646.104,0.4554,407922.645,19809.669,401544.508
438075,-133640.819,-337090.950,-186609.617,0.4561,407815.309,20035.312,401437.172
438315,-133616.983,-336990.457,-186573.083,0.4568,407707.716,20261.179,401329.579
438555,-133592.425,-336889.972,-186536.506,0.4575,407599.874,20487.256,401221.737
438795,-133567.162,-336789.496,-186499.886,0.4582,407491.790,20713.526,401113.653
439035,-133541.208,-336689.029,-186463.224,0.4589,407383.469,20939.978,401005.332
439275,-133514.579,-336588.573,-186426.522,0.4596,407274.918,21166.596,400896.781
439515,-133487.289,-336488.128,-186389.781,0.4603,407166.142,21393.370,400788.005
439755,-133459.351,-336387.695,-186353.001,0.4609,407057.147,21620.287,400679.010
439995,-133430.779,-336287.275,-186316.183,0.4616,406947.938,21847.336,400569.801
440235,-133401.585,-336186.867,-186279.328,0.4623,406838.519,22074.507,400460.382
440475,-133371.782,-336086.472,-186242.437,0.4630,406728.895,22301.789,400350.758
440715,-133341.382,-335986.090,-186205.511,0.4636,406619.072,22529.173,400240.935
440955,-133310.397,-335885.721,-186168.550,0.4643,406509.051,22756.650,400130.914
441195,-133278.839,-335785.366,-186131.554,0.4650,406398.839,22984.212,400020.702
441435,-133246.718,-335685.023,-186094.525,0.4657,406288.438,23211.850,399910.301
441675,-133214.046,-335584.693,-186057.462,0.4663,406177.851,23439.556,399799.714
441915,-133180.831,-335484.375,-186020.366,0.4670,406067.083,23667.324,399688.946
442155,-133147.086,-335384.069,-185983.237,0.4676,405956.137,23895.146,399578.000
442395,-133112.819,-335283.775,-185946.076,0.4683,405845.014,24123.016,399466.877
442635,-133078.041,-335183.492,-185908.883,0.4690,405733.719,24350.927,399355.582
442875,-133042.760,-335083.220,-185871.657,0.4696,405622.254,24578.874,399244.117
443115,-133006.985,-334982.958,-185834.400,0.4703,405510.622,24806.851,399132.485
443355,-132970.725,-334882.706,-185797.112,0.4709,405398.825,25034.853,399020.688
443595,-132933.989,-334782.463,-185759.792,0.4716,405286.865,25262.874,398908.728
443835,-132896.785,-334682.227,-185722.441,0.4722,405174.745,25490.909,398796.608
444075,-132859.121,-334582.000,-185685.058,0.4729,405062.466,25718.955,398684.329
444315,-132821.005,-334481.780,-185647.644,0.4735,404950.032,25947.006,398571.895
444555,-132782.445,-334381.565,-185610.200,0.4742,404837.443,26175.059,398459.306
444795,-132743.447,-334281.356,-185572.724,0.4748,404724.701,26403.110,398346.564
445035,-132704.019,-334181.152,-185535.217,0.4754,404611.809,26631.154,398233.672
445275,-132664.169,-334080.951,-185497.679,0.4761,404498.767,26859.189,398120.630
445515,-132623.902,-333980.754,-185460.110,0.4767,404385.578,27087.210,398007.441
445755,-132583.226,-333880.558,-185422.510,0.4774,404272.243,27315.215,397894.106
445995,-132542.147,-333780.364,-185384.879,0.4780,404158.763,27543.201,397780.626
446235,-132500.672,-333680.171,-185347.216,0.4786,404045.140,27771.164,397667.003
446475,-132458.806,-333579.977,-185309.522,0.4793,403931.374,27999.103,397553.237
446715,-132416.556,-333479.781,-185271.796,0.4799,403817.468,28227.013,397439.331
446955,-132373.927,-333379.584,-185234.039,0.4805,403703.422,28454.894,397325.285
447195,-132330.925,-333279.383,-185196.250,0.4812,403589.237,28682.742,397211.100
447435,-132287.556,-333179.179,-185158.430,0.4818,403474.914,28910.555,397096.777
447675,-132243.824,-333078.969,-185120.577,0.4824,403360.455,29138.331,396982.318
447915,-132199.737,-332978.754,-185082.692,0.4830,403245.860,29366.068,396867.723
448155,-132155.297,-332878.532,-185044.775,0.4837,403131.131,29593.765,396752.994
448395,-132110.511,-332778.303,-185006.826,0.4843,403016.267,29821.418,396638.130
448635,-132065.384,-332678.064,-184968.844,0.4849,402901.270,30049.027,396523.133
448875,-132019.920,-332577.817,-184930.829,0.4855,402786.140,30276.590,396408.003
449115,-131974.123,-332477.559,-184892.781,0.4862,402670.879,30504.106,396292.742
449355,-131928.000,-332377.290,-184854.700,0.4868,402555.487,30731.572,396177.350
449595,-131881.553,-332277.009,-184816.586,0.4874,402439.964,30958.987,396061.827
449835,-131834.787,-332176.714,-184778.438,0.4880,402324.312,31186.351,395946.175
450075,-131787.707,-332076.406,-184740.257,0.4886,402208.530,31413.661,395830.393
450315,-131740.317,-331976.082,-184702.042,0.4893,402092.619,31640.917,395714.482
450555,-131692.620,-331875.743,-184663.792,0.4899,401976.581,31868.117,395598.444
450795,-131644.621,-331775.388,-184625.508,0.4905,401860.414,32095.261,395482.277
451035,-131596.324,-331675.014,-184587.190,0.4911,401744.120,32322.347,395365.983
451275,-131547.732,-331574.622,-184548.837,0.4917,401627.700,32549.374,395249.563
451515,-131498.849,-331474.211,-184510.449,0.4924,401511.153,32776.342,395133.016
451755,-131449.678,-331373.780,-184472.026,0.4930,401394.479,33003.250,395016.342
451995,-131400.224,-331273.327,-184433.567,0.4936,401277.681,33230.096,394899.544
452235,-131350.490,-331172.852,-184395.073,0.4942,401160.756,33456.880,394782.619
452475,-131300.479,-331072.355,-184356.543,0.4948,401043.707,33683.602,394665.570
452715,-131250.194,-330971.834,-184317.977,0.4954,400926.533,33910.260,394548.396
452955,-131199.639,-330871.288,-184279.375,0.4960,400809.235,34136.854,394431.098
453195,-131148.817,-330770.717,-184240.736,0.4967,400691.812,34363.384,394313.675
453435,-131097.731,-330670.119,-184202.060,0.4973,400574.265,34589.848,394196.128
453675,-131046.384,-330569.495,-184163.348,0.4979,400456.595,34816.247,394078.458
453915,-130994.779,-330468.842,-184124.598,0.4985,400338.801,35042.579,393960.664
454155,-130942.919,-330368.161,-184085.811,0.4991,400220.883,35268.845,393842.746
454395,-130890.806,-330267.450,-184046.986,0.4997,400102.843,35495.043,393724.706
454635,-130838.444,-330166.708,-184008.123,0.5003,399984.679,35721.174,393606.542
454875,-130785.836,-330065.936,-183969.223,0.5009,399866.392,35947.237,393488.255
455115,-130732.983,-329965.131,-183930.283,0.5015,399747.983,36173.232,393369.846
455355,-130679.889,-329864.294,-183891.306,0.5021,399629.451,36399.158,393251.314
455595,-130626.557,-329763.423,-183852.289,0.5028,399510.797,36625.015,393132.660
455835,-130572.988,-329662.518,-183813.233,0.5034,399392.020,36850.803,393013.883
456075,-130519.185,-329561.577,-183774.139,0.5040,399273.121,37076.521,392894.984
456315,-130465.151,-329460.601,-183735.004,0.5046,399154.100,37302.170,392775.963
456555,-130410.888,-329359.588,-183695.830,0.5052,399034.956,37527.749,392656.819
456795,-130356.399,-329258.538,-183656.616,0.5058,398915.690,37753.258,392537.553
457035,-130301.685,-329157.449,-183617.362,0.5064,398796.303,37978.696,392418.166
457275,-130246.749,-329056.321,-183578.068,0.5070,398676.793,38204.064,392298.656
457515,-130191.594,-328955.154,-183538.733,0.5076,398557.161,38429.361,392179.024
457755,-130136.220,-328853.946,-183499.356,0.5082,398437.408,38654.588,392059.271
457995,-130080.632,-328752.698,-183459.939,0.5088,398317.532,38879.744,391939.395
458235,-130024.829,-328651.407,-183420.481,0.5094,398197.534,39104.828,391819.397
458475,-129968.815,-328550.074,-183380.981,0.5100,398077.415,39329.842,391699.278
458715,-129912.592,-328448.697,-183341.440,0.5106,397957.173,39554.785,391579.036
458955,-129856.161,-328347.277,-183301.856,0.5112,397836.810,39779.656,391458.673
459195,-129799.525,-328245.812,-183262.230,0.5119,397716.325,40004.457,391338.188
459435,-129742.685,-328144.301,-183222.562,0.5125,397595.717,40229.186,391217.580
459675,-129685.644,-328042.745,-183182.851,0.5131,397474.988,40453.843,391096.851
459915,-129628.402,-327941.142,-183143.098,0.5137,397354.136,40678.430,390975.999
460155,-129570.963,-327839.491,-183103.301,0.5143,397233.163,40902.945,390855.026
460395,-129513.327,-327737.793,-183063.461,0.5149,397112.067,41127.389,390733.930
460635,-129455.496,-327636.046,-183023.578,0.5155,396990.849,41351.762,390612.712
460875,-129397.472,-327534.249,-182983.651,0.5161,396869.508,41576.063,390491.371
461048,-129350.181,-327464.851,-182952.954,0.5166,396782.663,41731.500,390404.526
461288,-129291.799,-327362.982,-182912.938,0.5172,396661.107,41955.647,390282.970
461528,-129233.229,-327261.061,-182872.878,0.5178,396539.430,42179.724,390161.293
461768,-129174.471,-327159.089,-182832.774,0.5184,396417.629,42403.730,390039.492
462008,-129115.528,-327057.065,-182792.625,0.5190,396295.707,42627.665,389917.570
462248,-129056.401,-326954.988,-182752.431,0.5196,396173.661,42851.528,389795.524
462488,-128997.092,-326852.857,-182712.192,0.5202,396051.493,43075.321,389673.356
462728,-128937.603,-326750.672,-182671.908,0.5208,395929.202,43299.044,389551.065
462968,-128877.934,-326648.433,-182631.578,0.5214,395806.788,43522.695,389428.651
463208,-128818.087,-326546.138,-182591.202,0.5220,395684.251,43746.276,389306.114
463448,-128758.063,-326443.787,-182550.781,0.5226,395561.591,43969.787,389183.454
463688,-128697.865,-326341.379,-182510.313,0.5232,395438.808,44193.227,389060.671
463928,-128637.493,-326238.915,-182469.799,0.5238,395315.901,44416.597,388937.764
464168,-128576.948,-326136.392,-182429.239,0.5244,395192.871,44639.897,388814.734
464408,-128516.233,-326033.812,-182388.632,0.5250,395069.717,44863.126,388691.580
464648,-128455.348,-325931.172,-182347.978,0.5256,394946.440,45086.286,388568.303
464888,-128394.294,-325828.474,-182307.277,0.5262,394823.039,45309.376,388444.902
465128,-128333.073,-325725.715,-182266.529,0.5268,394699.514,45532.397,388321.377
465368,-128271.686,-325622.896,-182225.733,0.5274,394575.865,45755.348,388197.728
465608,-128210.135,-325520.016,-182184.890,0.5280,394452.092,45978.230,388073.955
465848,-128148.420,-325417.074,-182143.998,0.5286,394328.195,46201.042,387950.058
466088,-128086.542,-325314.070,-182103.059,0.5292,394204.174,46423.786,387826.037
466328,-128024.504,-325211.004,-182062.071,0.5298,394080.028,46646.460,387701.891
466568,-127962.305,-325107.874,-182021.035,0.5304,393955.757,46869.066,387577.620
466808,-127899.948,-325004.680,-181979.950,0.5310,393831.362,47091.603,387453.225
467048,-127837.433,-324901.423,-181938.817,0.5317,393706.841,47314.072,387328.704
467288,-127774.761,-324798.100,-181897.635,0.5323,393582.196,47536.473,387204.059
467528,-127711.933,-324694.713,-181856.403,0.5329,393457.426,47758.805,387079.289
467768,-127648.951,-324591.260,-181815.122,0.5335,393332.530,47981.070,386954.393
468008,-127585.815,-324487.740,-181773.791,0.5341,393207.509,48203.266,386829.372
468248,-127522.527,-324384.154,-181732.411,0.5347,393082.362,48425.396,386704.225
468488,-127459.088,-324280.500,-181690.981,0.5353,392957.090,48647.457,386578.953
468728,-127395.498,-324176.779,-181649.501,0.5359,392831.691,48869.452,386453.554
468968,-127331.758,-324072.989,-181607.970,0.5365,392706.167,49091.379,386328.030
469208,-127267.870,-323969.131,-181566.389,0.5371,392580.517,49313.239,386202.380
469448,-127203.834,-323865.204,-181524.758,0.5377,392454.740,49535.033,386076.603
469688,-127139.652,-323761.207,-181483.075,0.5383,392328.838,49756.760,385950.701
469928,-127075.324,-323657.140,-181441.342,0.5389,392202.808,49978.421,385824.671
470168,-127010.851,-323553.002,-181399.557,0.5395,392076.652,50200.016,385698.515
470408,-126946.235,-323448.793,-181357.722,0.5401,391950.369,50421.544,385572.232
470648,-126881.475,-323344.513,-181315.834,0.5407,391823.959,50643.007,385445.822
470888,-126816.573,-323240.161,-181273.896,0.5413,391697.421,50864.404,385319.284
471128,-126751.530,-323135.736,-181231.905,0.5419,391570.757,51085.735,385192.620
471368,-126686.347,-323031.239,-181189.862,0.5425,391443.965,51307.002,385065.828
471608,-126621.023,-322926.668,-181147.767,0.5432,391317.045,51528.203,384938.908
471848,-126555.561,-322822.023,-181105.620,0.5438,391189.998,51749.339,384811.861
472088,-126489.962,-322717.305,-181063.421,0.5444,391062.823,51970.411,384684.686
472328,-126424.224,-322612.512,-181021.168,0.5450,390935.520,52191.418,384557.383
472568,-126358.351,-322507.643,-180978.863,0.5456,390808.088,52412.360,384429.951
472808,-126292.342,-322402.699,-180936.505,0.5462,390680.528,52633.239,384302.391
473048,-126226.198,-322297.680,-180894.094,0.5468,390552.840,52854.053,384174.703
473288,-126159.920,-322192.584,-180851.629,0.5474,390425.023,53074.804,384046.886
473528,-126093.509,-322087.411,-180809.111,0.5480,390297.077,53295.491,383918.940
473768,-126026.965,-321982.161,-180766.540,0.5486,390169.002,53516.115,383790.865
474008,-125960.290,-321876.834,-180723.914,0.5492,390040.798,53736.675,383662.661
474248,-125893.483,-321771.429,-180681.235,0.5498,389912.464,53957.173,383534.327
474488,-125826.545,-321665.945,-180638.502,0.5505,389784.002,54177.607,383405.865
474728,-125759.478,-321560.382,-180595.714,0.5511,389655.409,54397.979,383277.272
474968,-125692.282,-321454.741,-180552.872,0.5517,389526.687,54618.288,383148.550
475208,-125624.958,-321349.020,-180509.975,0.5523,389397.835,54838.536,383019.698
475448,-125557.506,-321243.218,-180467.024,0.5529,389268.852,55058.721,382890.715
475688,-125489.926,-321137.337,-180424.018,0.5535,389139.740,55278.844,382761.603
475928,-125422.221,-321031.375,-180380.956,0.5541,389010.497,55498.905,382632.360
476168,-125354.389,-320925.331,-180337.840,0.5547,388881.123,55718.905,382502.986
476408,-125286.433,-320819.207,-180294.668,0.5553,388751.618,55938.844,382373.481
476648,-125218.352,-320713.000,-180251.441,0.5560,388621.983,56158.721,382243.846
476888,-125150.147,-320606.711,-180208.158,0.5566,388492.217,56378.537,382114.080
477128,-125081.819,-320500.339,-180164.819,0.5572,388362.319,56598.293,381984.182
477368,-125013.368,-320393.885,-180121.425,0.5578,388232.290,56817.988,381854.153
477608,-124944.795,-320287.347,-180077.974,0.5584,388102.130,57037.623,381723.993
477848,-124876.101,-320180.725,-180034.467,0.5590,387971.837,57257.197,381593.700
478088,-124807.286,-320074.019,-179990.904,0.5596,387841.413,57476.712,381463.276
478328,-124738.350,-319967.229,-179947.284,0.5602,387710.857,57696.166,381332.720
478568,-124669.295,-319860.354,-179903.608,0.5609,387580.168,57915.561,381202.031
478808,-124600.120,-319753.393,-179859.874,0.5615,387449.347,58134.896,381071.210
479048,-124530.827,-319646.348,-179816.084,0.5621,387318.394,58354.172,380940.257
479288,-124461.415,-319539.216,-179772.237,0.5627,387187.308,58573.389,380809.171
479528,-124391.886,-319431.998,-179728.332,0.5633,387056.089,58792.547,380677.952
479768,-124322.240,-319324.693,-179684.371,0.5639,386924.737,59011.646,380546.600
480008,-124252.478,-319217.302,-179640.351,0.5645,386793.252,59230.687,380415.115
480248,-124182.599,-319109.823,-179596.274,0.5652,386661.633,59449.669,380283.496
480488,-124112.605,-319002.257,-179552.139,0.5658,386529.881,59668.593,380151.744
480728,-124042.496,-318894.602,-179507.946,0.5664,386397.996,59887.459,380019.859
480968,-123972.272,-318786.860,-179463.696,0.5670,386265.976,60106.268,379887.839
481208,-123901.934,-318679.029,-179419.387,0.5676,386133.822,60325.018,379755.685
481448,-123831.483,-318571.108,-179375.019,0.5682,386001.535,60543.711,379623.398
481688,-123760.919,-318463.099,-179330.593,0.5689,385869.113,60762.347,379490.976
481928,-123690.242,-318355.000,-179286.109,0.5695,385736.556,60980.925,379358.419
482168,-123619.453,-318246.811,-179241.565,0.5701,385603.865,61199.447,379225.728
482408,-123548.552,-318138.532,-179196.963,0.5707,385471.039,61417.912,379092.902
482648,-123477.541,-318030.162,-179152.302,0.5713,385338.078,61636.320,378959.941
482888,-123406.418,-317921.701,-179107.582,0.5719,385204.981,61854.672,378826.844
483128,-123335.185,-317813.149,-179062.802,0.5726,385071.750,62072.967,378693.613
483368,-123263.842,-317704.505,-179017.963,0.5732,384938.383,62291.207,378560.246
483608,-123192.390,-317595.770,-178973.064,0.5738,384804.880,62509.390,378426.743
483848,-123120.829,-317486.942,-178928.106,0.5744,384671.242,62727.518,378293.105
484088,-123049.159,-317378.022,-178883.088,0.5751,384537.467,62945.590,378159.330
484328,-122977.382,-317269.009,-178838.009,0.5757,384403.556,63163.607,378025.419
484568,-122905.496,-317159.903,-178792.871,0.5763,384269.509,63381.569,377891.372
484808,-122833.503,-317050.704,-178747.673,0.5769,384135.326,63599.475,377757.189
485048,-122761.403,-316941.411,-178702.414,0.5775,384001.006,63817.327,377622.869
485288,-122689.197,-316832.023,-178657.095,0.5782,383866.549,64035.124,377488.412
485528,-122616.884,-316722.542,-178611.715,0.5788,383731.955,64252.866,377353.818
485768,-122544.466,-316612.966,-178566.274,0.5794,383597.224,64470.554,377219.087
486008,-122471.942,-316503.295,-178520.773,0.5800,383462.356,64688.188,377084.219
486248,-122399.313,-316393.529,-178475.210,0.5807,383327.350,64905.767,376949.213
486488,-122326.580,-316283.667,-178429.586,0.5813,383192.207,65123.293,376814.070
486728,-122253.743,-316173.709,-178383.902,0.5819,383056.926,65340.765,376678.789
486968,-122180.802,-316063.656,-178338.155,0.5825,382921.507,65558.184,376543.370
487208,-122107.757,-315953.506,-178292.348,0.5832,382785.950,65775.549,376407.813
487448,-122034.609,-315843.259,-178246.478,0.5838,382650.254,65992.861,376272.117
487688,-121961.358,-315732.916,-178200.547,0.5844,382514.420,66210.120,376136.283
487928,-121888.005,-315622.475,-178154.554,0.5850,382378.448,66427.325,376000.311
488168,-121814.550,-315511.936,-178108.499,0.5857,382242.337,66644.479,375864.200
488408,-121740.993,-315401.300,-178062.382,0.5863,382106.087,66861.579,375727.950
488648,-121667.335,-315290.566,-178016.203,0.5869,381969.697,67078.627,375591.560
488888,-121593.575,-315179.733,-177969.961,0.5875,381833.169,67295.623,375455.032
489128,-121519.715,-315068.802,-177923.657,0.5882,381696.501,67512.567,375318.364
489368,-121445.755,-314957.772,-177877.290,0.5888,381559.693,67729.459,375181.556
489608,-121371.695,-314846.642,-177830.860,0.5894,381422.746,67946.299,375044.609
489848,-121297.534,-314735.413,-177784.368,0.5901,381285.659,68163.087,374907.522
490088,-121223.275,-314624.084,-177737.812,0.5907,381148.431,68379.824,374770.294
490328,-121148.916,-314512.656,-177691.194,0.5913,381011.064,68596.509,374632.927
490568,-121074.458,-314401.127,-177644.512,0.5920,380873.556,68813.143,374495.419
490808,-120999.902,-314289.497,-177597.767,0.5926,380735.907,69029.727,374357.770
491048,-120925.248,-314177.767,-177550.958,0.5932,380598.118,69246.259,374219.981
491288,-120850.496,-314065.935,-177504.086,0.5938,380460.188,69462.741,374082.051
491528,-120775.646,-313954.002,-177457.150,0.5945,380322.117,69679.172,373943.980
491768,-120700.699,-313841.968,-177410.151,0.5951,380183.904,69895.553,373805.767
492008,-120625.656,-313729.831,-177363.087,0.5957,380045.551,70111.883,373667.414
492248,-120550.515,-313617.593,-177315.960,0.5964,379907.055,70328.163,373528.918
492488,-120475.278,-313505.252,-177268.768,0.5970,379768.418,70544.393,373390.281
492728,-120399.945,-313392.808,-177221.512,0.5976,379629.639,70760.574,373251.502
492968,-120324.516,-313280.261,-177174.191,0.5983,379490.718,70976.705,373112.581
493208,-120248.991,-313167.612,-177126.806,0.5989,379351.655,71192.786,372973.518
493495,-120158.405,-313033.191,-177070.072,0.5997,379185.484,71450.827,372807.347
493735,-120082.663,-312920.319,-177022.555,0.6003,379046.114,71666.788,372667.977
493975,-120006.826,-312807.343,-176974.972,0.6009,378906.602,71882.700,372528.465
494215,-119930.894,-312694.263,-176927.325,0.6016,378766.946,72098.562,372388.809
494455,-119854.868,-312581.078,-176879.612,0.6022,378627.147,72314.376,372249.010
494695,-119778.748,-312467.788,-176831.834,0.6029,378487.206,72530.142,372109.069
494935,-119702.535,-312354.394,-176783.991,0.6035,378347.120,72745.858,371968.983
495175,-119626.228,-312240.894,-176736.083,0.6041,378206.892,72961.527,371828.755
495415,-119549.828,-312127.288,-176688.108,0.6048,378066.519,73177.147,371688.382
495655,-119473.335,-312013.577,-176640.068,0.6054,377926.003,73392.719,371547.866
495895,-119396.749,-311899.760,-176591.963,0.6060,377785.343,73608.244,371407.206
496135,-119320.071,-311785.836,-176543.791,0.6067,377644.538,73823.720,371266.401
496373,-119243.952,-311672.775,-176495.963,0.6073,377504.786,74037.321,371126.649
496613,-119167.091,-311558.639,-176447.659,0.6080,377363.694,74252.703,370985.557
496853,-119090.138,-311444.396,-176399.290,0.6086,377222.457,74468.037,370844.320
497093,-119013.093,-311330.046,-176350.854,0.6093,377081.076,74683.324,370702.939
497333,-118935.957,-311215.589,-176302.351,0.6099,376939.549,74898.564,370561.412
497573,-118858.730,-311101.024,-176253.782,0.6105,376797.877,75113.757,370419.740
497813,-118781.412,-310986.350,-176205.146,0.6112,376656.060,75328.903,370277.923
498053,-118704.003,-310871.569,-176156.444,0.6118,376514.097,75544.003,370135.960
498293,-118626.504,-310756.679,-176107.674,0.6125,376371.989,75759.056,369993.852
498533,-118548.915,-310641.681,-176058.837,0.6131,376229.735,75974.062,369851.598
498773,-118471.237,-310526.573,-176009.934,0.6138,376087.335,76189.023,369709.198
499013,-118393.468,-310411.357,-175960.962,0.6144,375944.789,76403.937,369566.652
499253,-118315.610,-310296.031,-175911.924,0.6151,375802.096,76618.805,369423.959
499493,-118237.662,-310180.596,-175862.818,0.6157,375659.257,76833.627,369281.120
499733,-118159.626,-310065.050,-175813.644,0.6163,375516.271,77048.404,369138.134
499973,-118081.500,-309949.395,-175764.403,0.6170,375373.139,77263.134,368995.002
500213,-118003.286,-309833.629,-175715.094,0.6176,375229.860,77477.820,368851.723
500453,-117924.984,-309717.753,-175665.716,0.6183,375086.433,77692.460,368708.296
500693,-117846.593,-309601.766,-175616.271,0.6189,374942.859,77907.054,368564.722
500933,-117768.114,-309485.668,-175566.758,0.6196,374799.138,78121.604,368421.001
501173,-117689.547,-309369.459,-175517.176,0.6202,374655.269,78336.109,368277.132
501413,-117610.893,-309253.138,-175467.526,0.6209,374511.252,78550.568,368133.115
501653,-117532.151,-309136.706,-175417.808,0.6215,374367.088,78764.983,367988.951
501893,-117453.321,-309020.161,-175368.020,0.6222,374222.775,78979.354,367844.638
502133,-117374.405,-308903.505,-175318.165,0.6229,374078.314,79193.680,367700.177
502358,-117300.393,-308794.018,-175271.383,0.6235,373942.757,79394.659,367564.620
502598,-117221.308,-308677.143,-175221.396,0.6241,373798.009,79608.899,367419.872
502838,-117142.137,-308560.156,-175171.341,0.6248,373653.113,79823.094,367274.976
503078,-117062.878,-308443.056,-175121.216,0.6254,373508.068,80037.245,367129.931
503318,-116983.534,-308325.843,-175071.021,0.6261,373362.873,80251.352,366984.736
503558,-116904.104,-308208.516,-175020.758,0.6267,373217.530,80465.416,366839.393
503798,-116824.587,-308091.076,-174970.425,0.6274,373072.037,80679.436,366693.900
504038,-116744.985,-307973.522,-174920.022,0.6280,372926.395,80893.413,366548.258
504278,-116665.298,-307855.853,-174869.550,0.6287,372780.602,81107.346,366402.465
504518,-116585.525,-307738.070,-174819.008,0.6294,372634.660,81321.236,366256.523
504758,-116505.667,-307620.173,-174768.396,0.6300,372488.568,81535.083,366110.431
504998,-116425.724,-307502.161,-174717.714,0.6307,372342.326,81748.886,365964.189
505238,-116345.696,-307384.034,-174666.962,0.6313,372195.933,81962.647,365817.796
505478,-116265.583,-307265.791,-174616.139,0.6320,372049.390,82176.366,365671.253
505718,-116185.386,-307147.433,-174565.247,0.6327,371902.696,82390.041,365524.559
505958,-116105.105,-307028.960,-174514.284,0.6333,371755.851,82603.674,365377.714
506198,-116024.739,-306910.371,-174463.250,0.6340,371608.855,82817.265,365230.718
506438,-115944.289,-306791.665,-174412.146,0.6346,371461.708,83030.814,365083.571
506678,-115863.755,-306672.843,-174360.971,0.6353,371314.410,83244.320,364936.273
506918,-115783.138,-306553.905,-174309.725,0.6360,371166.960,83457.784,364788.823
507158,-115702.437,-306434.850,-174258.408,0.6366,371019.358,83671.207,364641.221
507398,-115621.652,-306315.678,-174207.020,0.6373,370871.604,83884.587,364493.467
507638,-115540.785,-306196.389,-174155.561,0.6379,370723.699,84097.926,364345.562
507878,-115459.834,-306076.983,-174104.030,0.6386,370575.641,84311.224,364197.504
508118,-115378.800,-305957.459,-174052.428,0.6393,370427.431,84524.479,364049.294
508358,-115297.683,-305837.817,-174000.755,0.6399,370279.069,84737.694,363900.932
508598,-115216.484,-305718.057,-173949.010,0.6406,370130.553,84950.867,363752.416
508838,-115135.201,-305598.179,-173897.193,0.6413,369981.885,85164.000,363603.748
509078,-115053.837,-305478.182,-173845.305,0.6419,369833.064,85377.091,363454.927
509318,-114972.390,-305358.067,-173793.345,0.6426,369684.090,85590.142,363305.953
509558,-114890.861,-305237.833,-173741.312,0.6433,369534.962,85803.151,363156.825
509798,-114809.250,-305117.480,-173689.208,0.6439,369385.681,86016.121,363007.544
510038,-114727.558,-304997.008,-173637.031,0.6446,369236.246,86229.049,362858.109
510278,-114645.783,-304876.416,-173584.782,0.6453,369086.658,86441.937,362708.521
510518,-114563.927,-304755.704,-173532.460,0.6460,368936.915,86654.785,362558.778
510758,-114481.989,-304634.873,-173480.066,0.6466,368787.018,86867.593,362408.881
510998,-114399.970,-304513.922,-173427.599,0.6473,368636.967,87080.361,362258.830
511238,-114317.870,-304392.850,-173375.059,0.6480,368486.762,87293.088,362108.625
511478,-114235.689,-304271.657,-173322.447,0.6486,368336.401,87505.776,361958.264
511540,-114214.336,-304240.169,-173308.774,0.6488,368297.334,87560.996,361919.197
511798,-114125.894,-304109.547,-173252.121,0.6495,368135.347,87789.875,361757.210
512038,-114043.613,-303988.016,-173199.393,0.6501,367984.632,88002.562,361606.495
512278,-113961.251,-303866.364,-173146.591,0.6508,367833.761,88215.209,361455.624
512518,-113878.809,-303744.590,-173093.716,0.6515,367682.735,88427.817,361304.598
512758,-113796.287,-303622.695,-173040.768,0.6522,367531.554,88640.386,361153.417
512998,-113713.684,-303500.678,-172987.746,0.6528,367380.217,88852.916,361002.080
513238,-113631.000,-303378.539,-172934.651,0.6535,367228.724,89065.406,360850.587
513478,-113548.237,-303256.278,-172881.482,0.6542,367077.075,89277.858,360698.938
513718,-113465.394,-303133.894,-172828.238,0.6549,366925.270,89490.271,360547.133
513958,-113382.471,-303011.388,-172774.921,0.6555,366773.308,89702.645,360395.171
514198,-113299.468,-302888.759,-172721.530,0.6562,366621.190,89914.980,360243.053
514438,-113216.386,-302766.007,-172668.065,0.6569,366468.915,90127.277,360090.778
514678,-113133.224,-302643.132,-172614.525,0.6576,366316.483,90339.536,359938.346
514918,-113049.983,-302520.133,-172560.911,0.6583,366163.894,90551.757,359785.757
515158,-112966.662,-302397.010,-172507.223,0.6589,366011.148,90763.939,359633.011
515398,-112883.263,-302273.764,-172453.460,0.6596,365858.245,90976.083,359480.108
515638,-112799.784,-302150.394,-172399.622,0.6603,365705.184,91188.189,359327.047
515878,-112716.226,-302026.899,-172345.710,0.6610,365551.965,91400.258,359173.828
516118,-112632.590,-301903.280,-172291.722,0.6617,365398.588,91612.288,359020.451
516358,-112548.874,-301779.536,-172237.660,0.6624,365245.053,91824.281,358866.916
516598,-112465.080,-301655.668,-172183.522,0.6630,365091.360,92036.237,358713.223
516838,-112381.208,-301531.674,-172129.309,0.6637,364937.509,92248.155,358559.372
517078,-112297.257,-301407.555,-172075.021,0.6644,364783.499,92460.036,358405.362
517318,-112213.228,-301283.311,-172020.657,0.6651,364629.330,92671.879,358251.193
517558,-112129.120,-301158.941,-171966.218,0.6658,364475.002,92883.686,358096.865
517798,-112044.934,-301034.445,-171911.703,0.6665,364320.516,93095.455,357942.379
518038,-111960.671,-300909.823,-171857.113,0.6672,364165.870,93307.188,357787.733
518278,-111876.329,-300785.075,-171802.446,0.6678,364011.064,93518.884,357632.927
518518,-111791.910,-300660.200,-171747.704,0.6685,363856.099,93730.543,357477.962
518758,-111707.412,-300535.199,-171692.886,0.6692,363700.974,93942.166,357322.837
518998,-111622.837,-300410.071,-171637.991,0.6699,363545.690,94153.752,357167.553
519238,-111538.185,-300284.816,-171583.020,0.6706,363390.245,94365.302,357012.108
519478,-111453.455,-300159.433,-171527.973,0.6713,363234.640,94576.816,356856.503
519718,-111368.648,-300033.924,-171472.849,0.6720,363078.874,94788.293,356700.737
519958,-111283.763,-299908.286,-171417.649,0.6727,362922.948,94999.735,356544.811
520198,-111198.801,-299782.521,-171362.372,0.6734,362766.861,95211.140,356388.724
520438,-111113.762,-299656.627,-171307.018,0.6741,362610.613,95422.510,356232.476
520678,-111028.646,-299530.606,-171251.587,0.6748,362454.204,95633.844,356076.067
520918,-110943.454,-299404.456,-171196.079,0.6755,362297.634,95845.143,355919.497
521158,-110858.184,-299278.177,-171140.494,0.6762,362140.902,96056.406,355762.765
521398,-110772.837,-299151.770,-171084.832,0.6769,361984.009,96267.633,355605.872
521638,-110687.414,-299025.233,-171029.093,0.6776,361826.954,96478.825,355448.817
521878,-110601.914,-298898.568,-170973.276,0.6782,361669.736,96689.982,355291.599
522118,-110516.338,-298771.773,-170917.381,0.6789,361512.357,96901.104,355134.220
522358,-110430.685,-298644.848,-170861.409,0.6796,361354.815,97112.191,354976.678
522598,-110344.956,-298517.793,-170805.359,0.6803,361197.111,97323.243,354818.974
522838,-110259.151,-298390.609,-170749.231,0.6810,361039.244,97534.261,354661.107
523078,-110173.269,-298263.294,-170693.026,0.6817,360881.215,97745.243,354503.078
523318,-110087.312,-298135.849,-170636.742,0.6824,360723.022,97956.191,354344.885
523558,-110001.278,-298008.273,-170580.380,0.6832,360564.666,98167.105,354186.529
523798,-109915.168,-297880.567,-170523.940,0.6839,360406.147,98377.984,354028.010
524038,-109828.983,-297752.730,-170467.421,0.6846,360247.464,98588.829,353869.327
524278,-109742.721,-297624.761,-170410.824,0.6853,360088.617,98799.640,353710.480
524518,-109656.384,-297496.661,-170354.148,0.6860,359929.607,99010.417,353551.470
524758,-109569.972,-297368.429,-170297.394,0.6867,359770.432,99221.160,353392.295
524998,-109483.483,-297240.066,-170240.561,0.6874,359611.093,99431.868,353232.956
525238,-109396.919,-297111.571,-170183.649,0.6881,359451.590,99642.544,353073.453
525478,-109310.280,-296982.943,-170126.657,0.6888,359291.922,99853.185,352913.785
525718,-109223.565,-296854.184,-170069.587,0.6895,359132.090,100063.793,352753.953
525958,-109136.775,-296725.291,-170012.437,0.6902,358972.092,100274.368,352593.955
526198,-109049.910,-296596.266,-169955.209,0.6909,358811.930,100484.909,352433.793
526438,-108962.970,-296467.108,-169897.900,0.6916,358651.602,100695.417,352273.465
526678,-108875.954,-296337.817,-169840.512,0.6923,358491.109,100905.892,352112.972
526918,-108788.864,-296208.393,-169783.045,0.6931,358330.450,101116.334,351952.313
527158,-108701.699,-296078.835,-169725.497,0.6938,358169.625,101326.743,351791.488
527398,-108614.458,-295949.143,-169667.870,0.6945,358008.634,101537.119,351630.497
527638,-108527.143,-295819.317,-169610.163,0.6952,357847.477,101747.462,351469.340
527878,-108439.753,-295689.358,-169552.375,0.6959,357686.154,101957.773,351308.017
528067,-108368.472,-295586.319,-169509.729,0.6965,357559.150,102120.810,351181.013
528307,-108280.935,-295456.109,-169451.816,0.6972,357397.526,102331.054,351019.389
528547,-108193.322,-295325.765,-169393.823,0.6979,357235.734,102541.265,350857.597
528787,-108105.636,-295195.286,-169335.750,0.6986,357073.776,102751.445,350695.639
529027,-108017.875,-295064.672,-169277.596,0.6994,356911.651,102961.592,350533.514
529267,-107930.039,-294933.923,-169219.361,0.7001,356749.358,103171.707,350371.221
529507,-107842.129,-294803.039,-169161.045,0.7008,356586.898,103381.790,350208.761
529747,-107754.145,-294672.018,-169102.648,0.7015,356424.270,103591.842,350046.133
529987,-107666.087,-294540.862,-169044.171,0.7022,356261.474,103801.861,349883.337
530227,-107577.954,-294409.570,-168985.612,0.7030,356098.509,104011.849,349720.372
530467,-107489.748,-294278.142,-168926.972,0.7037,355935.377,104221.806,349557.240
530707,-107401.467,-294146.578,-168868.250,0.7044,355772.076,104431.731,349393.939
530947,-107313.112,-294014.876,-168809.447,0.7051,355608.607,104641.625,349230.470
531187,-107224.684,-293883.038,-168750.563,0.7058,355444.968,104851.487,349066.831
531427,-107136.181,-293751.063,-168691.597,0.7066,355281.161,105061.319,348903.024
531667,-107047.605,-293618.951,-168632.549,0.7073,355117.185,105271.119,348739.048
531907,-106958.955,-293486.702,-168573.419,0.7080,354953.039,105480.889,348574.902
532187,-106855.356,-293332.116,-168504.276,0.7089,354761.171,105725.773,348383.034
532427,-106766.546,-293199.568,-168444.968,0.7096,354596.657,105935.476,348218.520
532667,-106677.663,-293066.882,-168385.578,0.7103,354431.974,106145.148,348053.837
532907,-106588.706,-292934.058,-168326.106,0.7111,354267.120,106354.790,347888.983
533147,-106499.676,-292801.096,-168266.551,0.7118,354102.096,106564.402,347723.959
533387,-106410.572,-292667.995,-168206.913,0.7125,353936.902,106773.983,347558.765
533627,-106321.395,-292534.755,-168147.193,0.7132,353771.537,106983.534,347393.400
533867,-106232.144,-292401.376,-168087.390,0.7140,353606.001,107193.055,347227.864
534107,-106142.820,-292267.858,-168027.504,0.7147,353440.294,107402.546,347062.157
534347,-106053.423,-292134.201,-167967.535,0.7154,353274.416,107612.008,346896.279
534587,-105963.953,-292000.404,-167907.483,0.7162,353108.366,107821.439,346730.229
534827,-105874.409,-291866.467,-167847.348,0.7169,352942.145,108030.841,346564.008
535067,-105784.793,-291732.391,-167787.129,0.7176,352775.752,108240.214,346397.615
535307,-105695.103,-291598.174,-167726.827,0.7184,352609.187,108449.556,346231.050
535547,-105605.340,-291463.817,-167666.442,0.7191,352442.450,108658.870,346064.313
535787,-105515.505,-291329.320,-167605.972,0.7198,352275.540,108868.154,345897.403
536027,-105425.596,-291194.682,-167545.419,0.7206,352108.458,109077.409,345730.321
536267,-105335.615,-291059.902,-167484.782,0.7213,351941.203,109286.636,345563.066
536507,-105245.560,-290924.982,-167424.061,0.7221,351773.776,109495.833,345395.639
536747,-105155.433,-290789.921,-167363.255,0.7228,351606.175,109705.001,345228.038
536987,-105065.234,-290654.718,-167302.366,0.7235,351438.401,109914.141,345060.264
537227,-104974.961,-290519.373,-167241.392,0.7243,351270.454,110123.252,344892.317
537467,-104884.616,-290383.886,-167180.334,0.7250,351102.333,110332.334,344724.196
537707,-104794.198,-290248.257,-167119.191,0.7258,350934.038,110541.388,344555.901
537947,-104703.708,-290112.486,-167057.963,0.7265,350765.569,110750.414,344387.432
538187,-104613.145,-289976.573,-166996.651,0.7273,350596.926,110959.412,344218.789
538427,-104522.509,-289840.517,-166935.254,0.7280,350428.108,111168.381,344049.971
538667,-104431.801,-289704.318,-166873.771,0.7287,350259.116,111377.323,343880.979
538907,-104341.021,-289567.975,-166812.204,0.7295,350089.949,111586.236,343711.812
539147,-104250.168,-289431.490,-166750.551,0.7302,349920.607,111795.122,343542.470
539387,-104159.243,-289294.861,-166688.813,0.7310,349751.090,112003.980,343372.953
539627,-104068.246,-289158.088,-166626.990,0.7317,349581.398,112212.811,343203.261
539867,-103977.176,-289021.172,-166565.081,0.7325,349411.530,112421.614,343033.393
540107,-103886.034,-288884.111,-166503.086,0.7332,349241.486,112630.390,342863.349
540347,-103794.820,-288746.906,-166441.005,0.7340,349071.266,112839.138,342693.129
540587,-103703.534,-288609.557,-166378.838,0.7347,348900.870,113047.860,342522.733
540827,-103612.175,-288472.063,-166316.586,0.7355,348730.298,113256.554,342352.161
541067,-103520.745,-288334.424,-166254.247,0.7362,348559.550,113465.221,342181.413
541307,-103429.242,-288196.641,-166191.822,0.7370,348388.624,113673.862,342010.487
541547,-103337.668,-288058.711,-166129.311,0.7377,348217.522,113882.475,341839.385
541787,-103246.021,-287920.637,-166066.713,0.7385,348046.243,114091.062,341668.106
542027,-103154.302,-287782.417,-166004.028,0.7393,347874.786,114299.623,341496.649
542267,-103062.512,-287644.050,-165941.257,0.7400,347703.152,114508.157,341325.015
542507,-102970.649,-287505.538,-165878.399,0.7408,347531.340,114716.665,341153.203
542747,-102878.715,-287366.880,-165815.453,0.7415,347359.350,114925.147,340981.213
542987,-102786.709,-287228.075,-165752.421,0.7423,347187.183,115133.602,340809.046
543227,-102694.631,-287089.124,-165689.302,0.7431,347014.837,115342.032,340636.700
543467,-102602.481,-286950.025,-165626.095,0.7438,346842.312,115550.435,340464.175
543707,-102510.260,-286810.780,-165562.801,0.7446,346669.609,115758.813,340291.472
543947,-102417.966,-286671.387,-165499.419,0.7453,346496.727,115967.165,340118.590
544187,-102325.601,-286531.847,-165435.950,0.7461,346323.666,116175.492,339945.529
544427,-102233.165,-286392.159,-165372.393,0.7469,346150.425,116383.793,339772.288
544667,-102140.657,-286252.323,-165308.748,0.7476,345977.006,116592.069,339598.869
544907,-102048.077,-286112.340,-165245.015,0.7484,345803.406,116800.320,339425.269
545147,-101955.425,-285972.208,-165181.194,0.7492,345629.627,117008.545,339251.490
545387,-101862.702,-285831.927,-165117.284,0.7499,345455.668,117216.746,339077.531
545627,-101769.908,-285691.498,-165053.287,0.7507,345281.528,117424.921,338903.391
545867,-101677.042,-285550.920,-164989.200,0.7515,345107.208,117633.072,338729.071
546107,-101584.104,-285410.193,-164925.026,0.7522,344932.707,117841.198,338554.570
546347,-101491.096,-285269.317,-164860.762,0.7530,344758.026,118049.299,338379.889
546587,-101398.015,-285128.291,-164796.410,0.7538,344583.163,118257.376,338205.026
546827,-101304.863,-284987.115,-164731.968,0.7545,344408.119,118465.429,338029.982
547067,-101211.640,-284845.790,-164667.438,0.7553,344232.894,118673.457,337854.757
547307,-101118.346,-284704.314,-164602.818,0.7561,344057.487,118881.462,337679.350
547547,-101024.980,-284562.689,-164538.109,0.7569,343881.898,119089.442,337503.761
547787,-100931.543,-284420.912,-164473.311,0.7576,343706.127,119297.398,337327.990
548027,-100838.034,-284278.985,-164408.423,0.7584,343530.174,119505.330,337152.037
548267,-100744.455,-284136.908,-164343.446,0.7592,343354.038,119713.239,336975.901
548507,-100650.804,-283994.679,-164278.378,0.7600,343177.720,119921.124,336799.583
548747,-100557.082,-283852.298,-164213.221,0.7608,343001.219,120128.986,336623.082
548987,-100463.288,-283709.767,-164147.974,0.7615,342824.534,120336.824,336446.397
549227,-100369.424,-283567.083,-164082.636,0.7623,342647.667,120544.639,336269.530
549467,-100275.488,-283424.248,-164017.209,0.7631,342470.615,120752.431,336092.478
549707,-100181.481,-283281.260,-163951.691,0.7639,342293.381,120960.200,335915.244
549947,-100087.403,-283138.120,-163886.082,0.7647,342115.962,121167.946,335737.825
550187,-99993.254,-282994.828,-163820.383,0.7654,341938.359,121375.669,335560.222
550427,-99899.034,-282851.382,-163754.593,0.7662,341760.572,121583.369,335382.435
550667,-99804.743,-282707.784,-163688.712,0.7670,341582.600,121791.047,335204.463
550907,-99710.381,-282564.033,-163622.740,0.7678,341404.443,121998.702,335026.306
551147,-99615.947,-282420.128,-163556.677,0.7686,341226.102,122206.335,334847.965
551387,-99521.443,-282276.070,-163490.523,0.7694,341047.575,122413.946,334669.438
551627,-99426.868,-282131.858,-163424.277,0.7702,340868.863,122621.535,334490.726
551867,-99332.221,-281987.492,-163357.940,0.7709,340689.965,122829.101,334311.828
552107,-99237.504,-281842.971,-163291.512,0.7717,340510.882,123036.646,334132.745
552347,-99142.716,-281698.296,-163224.991,0.7725,340331.612,123244.169,333953.475
552587,-99047.857,-281553.467,-163158.379,0.7733,340152.156,123451.670,333774.019
552827,-98952.927,-281408.483,-163091.675,0.7741,339972.514,123659.150,333594.377
553067,-98857.926,-281263.344,-163024.878,0.7749,339792.685,123866.608,333414.548
553307,-98762.854,-281118.049,-162957.990,0.7757,339612.670,124074.045,333234.533
553547,-98667.711,-280972.599,-162891.009,0.7765,339432.467,124281.461,333054.330
553787,-98572.498,-280826.993,-162823.935,0.7773,339252.077,124488.856,332873.940
554027,-98477.213,-280681.232,-162756.769,0.7781,339071.499,124696.230,332693.362
554267,-98381.858,-280535.314,-162689.511,0.7789,338890.734,124903.582,332512.597
554507,-98286.432,-280389.240,-162622.159,0.7797,338709.780,125110.915,332331.643
554747,-98190.935,-280243.010,-162554.714,0.7805,338528.639,125318.226,332150.502
554987,-98095.367,-280096.623,-162487.176,0.7813,338347.309,125525.517,331969.172
555227,-97999.729,-279950.078,-162419.545,0.7821,338165.791,125732.788,331787.654
555467,-97904.020,-279803.377,-162351.821,0.7829,337984.083,125940.038,331605.946
555707,-97808.240,-279656.518,-162284.003,0.7837,337802.187,126147.268,331424.050
555947,-97712.389,-279509.502,-162216.092,0.7845,337620.102,126354.479,331241.965
556187,-97616.468,-279362.328,-162148.087,0.7853,337437.827,126561.669,331059.690
556427,-97520.475,-279214.996,-162079.987,0.7861,337255.362,126768.840,330877.225
556667,-97424.412,-279067.505,-162011.794,0.7869,337072.708,126975.991,330694.571
556907,-97328.279,-278919.857,-161943.507,0.7877,336889.863,127183.122,330511.726
557147,-97232.074,-278772.049,-161875.126,0.7885,336706.828,127390.234,330328.691
557387,-97135.799,-278624.083,-161806.650,0.7893,336523.602,127597.327,330145.465
557627,-97039.454,-278475.957,-161738.079,0.7902,336340.186,127804.400,329962.049
557867,-96943.037,-278327.673,-161669.414,0.7910,336156.579,128011.455,329778.442
558107,-96846.550,-278179.228,-161600.655,0.7918,335972.780,128218.490,329594.643
558347,-96749.993,-278030.624,-161531.800,0.7926,335788.790,128425.507,329410.653
558587,-96653.364,-277881.860,-161462.850,0.7934,335604.608,128632.505,329226.471
558827,-96556.665,-277732.936,-161393.805,0.7942,335420.234,128839.485,329042.097
559067,-96459.896,-277583.851,-161324.665,0.7950,335235.669,129046.446,328857.532
559307,-96363.055,-277434.606,-161255.429,0.7959,335050.911,129253.388,328672.774
559547,-96266.144,-277285.200,-161186.098,0.7967,334865.960,129460.313,328487.823
559787,-96169.163,-277135.633,-161116.671,0.7975,334680.816,129667.220,328302.679
560027,-96072.111,-276985.905,-161047.148,0.7983,334495.480,129874.108,328117.343
560267,-95974.988,-276836.015,-160977.530,0.7991,334309.950,130080.979,327931.813
560507,-95877.795,-276685.963,-160907.815,0.8000,334124.227,130287.832,327746.090
560747,-95780.531,-276535.750,-160838.004,0.8008,333938.310,130494.668,327560.173
560987,-95683.196,-276385.374,-160768.097,0.8016,333752.199,130701.486,327374.062
561227,-95585.791,-276234.836,-160698.093,0.8024,333565.893,130908.287,327187.756
561467,-95488.316,-276084.136,-160627.992,0.8033,333379.394,131115.070,327001.257
561707,-95390.769,-275933.272,-160557.795,0.8041,333192.700,131321.837,326814.563
561947,-95293.152,-275782.246,-160487.501,0.8049,333005.811,131528.587,326627.674
562187,-95195.465,-275631.056,-160417.110,0.8057,332818.726,131735.320,326440.589
562427,-95097.707,-275479.703,-160346.622,0.8066,332631.447,131942.036,326253.310
562667,-94999.878,-275328.186,-160276.036,0.8074,332443.972,132148.736,326065.835
562907,-94901.979,-275176.505,-160205.353,0.8082,332256.301,132355.419,325878.164
563147,-94804.010,-275024.660,-160134.573,0.8091,332068.434,132562.086,325690.297
563387,-94705.969,-274872.650,-160063.694,0.8099,331880.371,132768.737,325502.234
563579,-94624.628,-274751.330,-160008.273,0.8106,331729.952,132931.235,325351.815
563819,-94526.439,-274599.028,-159937.229,0.8114,331541.537,133137.837,325163.400
564059,-94428.179,-274446.561,-159866.087,0.8122,331352.926,133344.422,324974.789
564299,-94329.849,-274293.928,-159794.846,0.8131,331164.117,133550.992,324785.980
564539,-94231.448,-274141.130,-159723.508,0.8139,330975.110,133757.547,324596.973
564779,-94132.976,-273988.166,-159652.070,0.8148,330785.907,133964.086,324407.770
565019,-94034.434,-273835.036,-159580.535,0.8156,330596.505,134170.610,324218.368
565259,-93935.822,-273681.740,-159508.900,0.8164,330406.905,134377.119,324028.768
565499,-93837.139,-273528.278,-159437.166,0.8173,330217.107,134583.613,323838.970
565739,-93738.385,-273374.649,-159365.334,0.8181,330027.110,134790.092,323648.973
565979,-93639.561,-273220.853,-159293.402,0.8190,329836.914,134996.557,323458.777
566219,-93540.666,-273066.891,-159221.371,0.8198,329646.520,135203.007,323268.383
566459,-93441.700,-272912.761,-159149.241,0.8207,329455.926,135409.442,323077.789
566699,-93342.664,-272758.463,-159077.010,0.8215,329265.132,135615.863,322886.995
566939,-93243.558,-272603.997,-159004.680,0.8224,329074.139,135822.271,322696.002
567179,-93144.381,-272449.364,-158932.251,0.8232,328882.946,136028.664,322504.809
567419,-93045.133,-272294.562,-158859.721,0.8241,328691.552,136235.043,322313.415
567659,-92945.815,-272139.592,-158787.091,0.8249,328499.958,136441.409,322121.821
567899,-92846.426,-271984.453,-158714.361,0.8258,328308.163,136647.761,321930.026
568139,-92746.966,-271829.146,-158641.530,0.8266,328116.167,136854.099,321738.030
568379,-92647.436,-271673.669,-158568.598,0.8275,327923.970,137060.424,321545.833
568619,-92547.836,-271518.022,-158495.566,0.8283,327731.571,137266.736,321353.434
568859,-92448.165,-271362.206,-158422.433,0.8292,327538.971,137473.036,321160.834
569099,-92348.423,-271206.220,-158349.199,0.8300,327346.169,137679.322,320968.032
569339,-92248.610,-271050.064,-158275.864,0.8309,327153.164,137885.595,320775.027
569579,-92148.727,-270893.738,-158202.428,0.8318,326959.957,138091.856,320581.820
569819,-92048.774,-270737.241,-158128.890,0.8326,326766.547,138298.105,320388.410
570059,-91948.749,-270580.573,-158055.250,0.8335,326572.934,138504.341,320194.797
570299,-91848.654,-270423.735,-157981.509,0.8343,326379.118,138710.565,320000.981
570539,-91748.489,-270266.724,-157907.665,0.8352,326185.098,138916.777,319806.961
570779,-91648.252,-270109.543,-157833.720,0.8361,325990.875,139122.977,319612.738
571019,-91547.946,-269952.189,-157759.673,0.8369,325796.447,139329.165,319418.310
571259,-91447.568,-269794.664,-157685.523,0.8378,325601.816,139535.342,319223.679
571499,-91347.120,-269636.966,-157611.271,0.8387,325406.980,139741.508,319028.843
571739,-91246.601,-269479.096,-157536.916,0.8395,325211.939,139947.662,318833.802
571979,-91146.011,-269321.053,-157462.458,0.8404,325016.693,140153.805,318638.556
572219,-91045.351,-269162.837,-157387.897,0.8413,324821.242,140359.937,318443.105
572459,-90944.620,-269004.448,-157313.233,0.8421,324625.585,140566.058,318247.448
572699,-90843.818,-268845.885,-157238.467,0.8430,324429.722,140772.168,318051.585
572939,-90742.946,-268687.149,-157163.596,0.8439,324233.654,140978.268,317855.517
573179,-90642.003,-268528.239,-157088.622,0.8448,324037.379,141184.358,317659.242
573419,-90540.989,-268369.154,-157013.545,0.8456,323840.897,141390.437,317462.760
573659,-90439.905,-268209.895,-156938.363,0.8465,323644.209,141596.507,317266.072
573899,-90338.749,-268050.461,-156863.078,0.8474,323447.314,141802.566,317069.177
574139,-90237.523,-267890.853,-156787.689,0.8483,323250.211,142008.616,316872.074
574379,-90136.226,-267731.069,-156712.195,0.8492,323052.901,142214.655,316674.764
574619,-90034.859,-267571.110,-156636.597,0.8500,322855.382,142420.686,316477.245
574859,-89933.420,-267410.975,-156560.894,0.8509,322657.656,142626.707,316279.519
575099,-89831.911,-267250.664,-156485.086,0.8518,322459.721,142832.719,316081.584
575339,-89730.331,-267090.177,-156409.174,0.8527,322261.578,143038.722,315883.441
575579,-89628.680,-266929.513,-156333.156,0.8536,322063.225,143244.716,315685.088
575819,-89526.958,-266768.673,-156257.034,0.8545,321864.664,143450.702,315486.527
576059,-89425.166,-266607.656,-156180.806,0.8554,321665.893,143656.679,315287.756
576299,-89323.302,-266446.461,-156104.472,0.8563,321466.912,143862.648,315088.775
576539,-89221.368,-266285.090,-156028.033,0.8571,321267.721,144068.608,314889.584
576779,-89119.363,-266123.540,-155951.488,0.8580,321068.320,144274.560,314690.183
577019,-89017.287,-265961.813,-155874.837,0.8589,320868.708,144480.505,314490.571
577259,-88915.140,-265799.907,-155798.080,0.8598,320668.886,144686.442,314290.749
577499,-88812.922,-265637.823,-155721.216,0.8607,320468.852,144892.371,314090.715
577739,-88710.633,-265475.560,-155644.247,0.8616,320268.608,145098.293,313890.471
577979,-88608.273,-265313.119,-155567.170,0.8625,320068.151,145304.207,313690.014
578219,-88505.842,-265150.498,-155489.987,0.8634,319867.483,145510.114,313489.346
578459,-88403.340,-264987.697,-155412.697,0.8643,319666.602,145716.015,313288.465
578699,-88300.767,-264824.717,-155335.299,0.8652,319465.509,145921.909,313087.372
578939,-88198.124,-264661.557,-155257.795,0.8661,319264.203,146127.796,312886.066
579179,-88095.409,-264498.216,-155180.183,0.8670,319062.685,146333.677,312684.548
579419,-87992.623,-264334.695,-155102.464,0.8679,318860.953,146539.551,312482.816
579659,-87889.766,-264170.994,-155024.636,0.8688,318659.007,146745.420,312280.870
579899,-87786.838,-264007.111,-154946.701,0.8697,318456.848,146951.282,312078.711
580139,-87683.839,-263843.047,-154868.658,0.8706,318254.474,147157.139,311876.337
580379,-87580.769,-263678.801,-154790.507,0.8716,318051.886,147362.990,311673.749
580619,-87477.627,-263514.374,-154712.247,0.8725,317849.084,147568.836,311470.947
580859,-87374.415,-263349.764,-154633.879,0.8734,317646.066,147774.676,311267.929
581099,-87271.131,-263184.972,-154555.402,0.8743,317442.833,147980.511,311064.696
581339,-87167.776,-263019.998,-154476.816,0.8752,317239.385,148186.342,310861.248
581579,-87064.350,-262854.841,-154398.122,0.8761,317035.721,148392.168,310657.584
581819,-86960.853,-262689.500,-154319.318,0.8770,316831.840,148597.989,310453.703
582059,-86857.285,-262523.976,-154240.404,0.8780,316627.744,148803.806,310249.607
582299,-86753.645,-262358.268,-154161.381,0.8789,316423.431,149009.618,310045.294
582539,-86649.934,-262192.377,-154082.249,0.8798,316218.900,149215.427,309840.763
582779,-86546.152,-262026.301,-154003.006,0.8807,316014.153,149421.232,309636.016
583019,-86442.298,-261860.041,-153923.654,0.8816,315809.188,149627.033,309431.051
583259,-86338.374,-261693.596,-153844.191,0.8826,315604.005,149832.830,309225.868
583499,-86234.377,-261526.966,-153764.618,0.8835,315398.604,150038.624,309020.467
583739,-86130.310,-261360.151,-153684.935,0.8844,315192.985,150244.415,308814.848
583979,-86026.171,-261193.150,-153605.141,0.8853,314987.147,150450.203,308609.010
584219,-85921.961,-261025.963,-153525.236,0.8863,314781.090,150655.989,308402.953
584459,-85817.679,-260858.590,-153445.220,0.8872,314574.814,150861.771,308196.677
584699,-85713.326,-260691.031,-153365.092,0.8881,314368.318,151067.552,307990.181
584939,-85608.901,-260523.285,-153284.854,0.8891,314161.602,151273.330,307783.465
585179,-85504.405,-260355.352,-153204.503,0.8900,313954.667,151479.106,307576.530
585419,-85399.838,-260187.232,-153124.042,0.8909,313747.510,151684.880,307369.373
585659,-85295.199,-260018.925,-153043.468,0.8919,313540.133,151890.652,307161.996
585899,-85190.488,-259850.430,-152962.782,0.8928,313332.535,152096.423,306954.398
586139,-85085.706,-259681.746,-152881.984,0.8937,313124.716,152302.192,306746.579
586379,-84980.852,-259512.875,-152801.073,0.8947,312916.675,152507.961,306538.538
586619,-84875.927,-259343.814,-152720.050,0.8956,312708.412,152713.728,306330.275
586859,-84770.930,-259174.565,-152638.914,0.8966,312499.926,152919.495,306121.789
587099,-84665.861,-259005.127,-152557.666,0.8975,312291.219,153125.261,305913.082
587339,-84560.721,-258835.499,-152476.304,0.8985,312082.288,153331.026,305704.151
587579,-84455.509,-258665.682,-152394.829,0.8994,311873.134,153536.792,305494.997
587819,-84350.225,-258495.674,-152313.240,0.9004,311663.757,153742.557,305285.620
588059,-84244.870,-258325.477,-152231.538,0.9013,311454.156,153948.323,305076.019
588299,-84139.443,-258155.088,-152149.722,0.9023,311244.331,154154.089,304866.194
588539,-84033.944,-257984.509,-152067.792,0.9032,311034.281,154359.856,304656.144
588779,-83928.373,-257813.739,-151985.747,0.9042,310824.007,154565.623,304445.870
589019,-83822.731,-257642.777,-151903.589,0.9051,310613.507,154771.391,304235.370
589259,-83717.016,-257471.624,-151821.316,0.9061,310402.783,154977.161,304024.646
589499,-83611.230,-257300.278,-151738.928,0.9070,310191.833,155182.932,303813.696
589739,-83505.372,-257128.740,-151656.425,0.9080,309980.656,155388.704,303602.519
589979,-83399.441,-256957.010,-151573.807,0.9089,309769.254,155594.478,303391.117
590219,-83293.439,-256785.087,-151491.074,0.9099,309557.625,155800.255,303179.488
590459,-83187.365,-256612.970,-151408.226,0.9109,309345.769,156006.033,302967.632
590699,-83081.219,-256440.660,-151325.262,0.9118,309133.686,156211.813,302755.549
590939,-82975.001,-256268.156,-151242.182,0.9128,308921.376,156417.597,302543.239
591179,-82868.711,-256095.459,-151158.986,0.9138,308708.837,156623.383,302330.700
591419,-82762.348,-255922.567,-151075.674,0.9147,308496.071,156829.171,302117.934
591659,-82655.914,-255749.480,-150992.245,0.9157,308283.076,157034.964,301904.939
591899,-82549.408,-255576.198,-150908.700,0.9167,308069.852,157240.759,301691.715
592139,-82442.829,-255402.721,-150825.039,0.9177,307856.399,157446.558,301478.262
592379,-82336.178,-255229.049,-150741.260,0.9186,307642.716,157652.361,301264.579
592619,-82229.455,-255055.180,-150657.364,0.9196,307428.804,157858.168,301050.667
592859,-82122.660,-254881.116,-150573.351,0.9206,307214.662,158063.979,300836.525
593099,-82015.792,-254706.855,-150489.221,0.9216,307000.289,158269.794,300622.152
593339,-81908.852,-254532.398,-150404.972,0.9225,306785.686,158475.614,300407.549
593579,-81801.840,-254357.743,-150320.606,0.9235,306570.852,158681.439,300192.715
593819,-81694.755,-254182.891,-150236.122,0.9245,306355.786,158887.269,299977.649
594059,-81587.599,-254007.841,-150151.520,0.9255,306140.488,159093.104,299762.351
594299,-81480.369,-253832.594,-150066.799,0.9265,305924.959,159298.944,299546.822
594539,-81373.067,-253657.148,-149981.960,0.9274,305709.197,159504.791,299331.060
594779,-81265.693,-253481.503,-149897.002,0.9284,305493.202,159710.643,299115.065
595019,-81158.246,-253305.660,-149811.924,0.9294,305276.974,159916.501,298898.837
595259,-81050.727,-253129.618,-149726.728,0.9304,305060.513,160122.366,298682.376
595499,-80943.135,-252953.376,-149641.412,0.9314,304843.818,160328.237,298465.681
595739,-80835.471,-252776.934,-149555.977,0.9324,304626.890,160534.115,298248.753
595979,-80727.734,-252600.292,-149470.421,0.9334,304409.726,160740.000,298031.589
596219,-80619.924,-252423.450,-149384.746,0.9344,304192.328,160945.892,297814.191
596459,-80512.042,-252246.407,-149298.951,0.9354,303974.695,161151.792,297596.558
596699,-80404.087,-252069.163,-149213.035,0.9364,303756.827,161357.699,297378.690
596939,-80296.059,-251891.717,-149126.999,0.9374,303538.723,161563.614,297160.586
597179,-80187.958,-251714.070,-149040.842,0.9384,303320.382,161769.538,296942.245
597419,-80079.785,-251536.221,-148954.564,0.9394,303101.806,161975.469,296723.669
597659,-79971.539,-251358.170,-148868.164,0.9404,302882.992,162181.410,296504.855
597899,-79863.219,-251179.916,-148781.644,0.9414,302663.941,162387.359,296285.804
598139,-79754.827,-251001.459,-148695.001,0.9424,302444.653,162593.317,296066.516
598379,-79646.363,-250822.799,-148608.237,0.9434,302225.127,162799.284,295846.990
598619,-79537.825,-250643.935,-148521.351,0.9444,302005.363,163005.261,295627.226
598859,-79429.214,-250464.867,-148434.343,0.9454,301785.361,163211.247,295407.224
599099,-79320.530,-250285.595,-148347.213,0.9465,301565.119,163417.244,295186.982
599339,-79211.773,-250106.119,-148259.960,0.9475,301344.638,163623.250,294966.501
599579,-79102.943,-249926.437,-148172.584,0.9485,301123.918,163829.267,294745.781
599819,-78994.040,-249746.551,-148085.085,0.9495,300902.958,164035.295,294524.821
600059,-78885.063,-249566.458,-147997.463,0.9505,300681.757,164241.333,294303.620
600299,-78776.014,-249386.160,-147909.717,0.9516,300460.316,164447.383,294082.179
600539,-78666.891,-249205.656,-147821.848,0.9526,300238.634,164653.444,293860.497
600779,-78557.695,-249024.945,-147733.855,0.9536,300016.711,164859.517,293638.574
601019,-78448.426,-248844.028,-147645.738,0.9546,299794.546,165065.602,293416.409
601259,-78339.083,-248662.903,-147557.496,0.9557,299572.138,165271.698,293194.001
601352,-78296.820,-248592.872,-147523.372,0.9561,299486.148,165351.325,293108.011
601592,-78187.376,-248411.459,-147434.958,0.9571,299263.405,165557.439,292885.268
601832,-78077.858,-248229.838,-147346.419,0.9581,299040.418,165763.566,292662.281
602072,-77968.267,-248048.010,-147257.755,0.9592,298817.189,165969.705,292439.052
602312,-77858.602,-247865.972,-147168.967,0.9602,298593.715,166175.858,292215.578
602552,-77748.864,-247683.726,-147080.052,0.9612,298369.998,166382.024,291991.861
602792,-77639.052,-247501.270,-146991.013,0.9623,298146.036,166588.204,291767.899
603032,-77529.167,-247318.605,-146901.847,0.9633,297921.829,166794.397,291543.692
603272,-77419.208,-247135.729,-146812.555,0.9643,297697.378,167000.605,291319.241
603512,-77309.175,-246952.643,-146723.137,0.9654,297472.681,167206.827,291094.544
603752,-77199.069,-246769.347,-146633.593,0.9664,297247.737,167413.064,290869.600
603992,-77088.889,-246585.839,-146543.922,0.9675,297022.548,167619.316,290644.411
604232,-76978.635,-246402.121,-146454.124,0.9685,296797.112,167825.583,290418.975
604472,-76868.307,-246218.190,-146364.199,0.9696,296571.429,168031.866,290193.292
604712,-76757.906,-246034.047,-146274.146,0.9706,296345.498,168238.164,289967.361
604952,-76647.430,-245849.692,-146183.966,0.9717,296119.320,168444.478,289741.183
605192,-76536.881,-245665.124,-146093.659,0.9727,295892.894,168650.809,289514.757
605432,-76426.258,-245480.343,-146003.223,0.9738,295666.219,168857.156,289288.082
605672,-76315.561,-245295.349,-145912.659,0.9748,295439.295,169063.520,289061.158
605912,-76204.789,-245110.141,-145821.966,0.9759,295212.122,169269.900,288833.985
606152,-76093.944,-244924.719,-145731.145,0.9770,294984.699,169476.298,288606.562
606392,-75983.024,-244739.082,-145640.195,0.9780,294757.026,169682.714,288378.889
606632,-75872.031,-244553.230,-145549.116,0.9791,294529.103,169889.147,288150.966
606872,-75760.963,-244367.163,-145457.907,0.9802,294300.929,170095.599,287922.792
607112,-75649.821,-244180.880,-145366.569,0.9812,294072.503,170302.069,287694.366
607352,-75538.604,-243994.382,-145275.101,0.9823,293843.826,170508.558,287465.689
607592,-75427.314,-243807.667,-145183.503,0.9834,293614.897,170715.065,287236.760
607832,-75315.949,-243620.735,-145091.775,0.9844,293385.715,170921.592,287007.578
608072,-75204.509,-243433.587,-144999.916,0.9855,293156.281,171128.138,286778.144
608312,-75092.995,-243246.221,-144907.927,0.9866,292926.594,171334.704,286548.457
608552,-74981.407,-243058.637,-144815.806,0.9877,292696.652,171541.290,286318.515
608792,-74869.744,-242870.835,-144723.555,0.9887,292466.457,171747.896,286088.320
609032,-74758.007,-242682.815,-144631.172,0.9898,292236.008,171954.522,285857.871
609272,-74646.195,-242494.576,-144538.657,0.9909,292005.303,172161.170,285627.166
609512,-74534.308,-242306.118,-144446.011,0.9920,291774.344,172367.839,285396.207
609752,-74422.347,-242117.440,-144353.232,0.9931,291543.129,172574.529,285164.992
609992,-74310.311,-241928.542,-144260.321,0.9942,291311.658,172781.241,284933.521
610232,-74198.200,-241739.423,-144167.277,0.9953,291079.930,172987.975,284701.793
610472,-74086.015,-241550.084,-144074.101,0.9963,290847.945,173194.731,284469.808
610712,-73973.754,-241360.524,-143980.791,0.9974,290615.704,173401.510,284237.567
610952,-73861.419,-241170.743,-143887.348,0.9985,290383.204,173608.312,284005.067
611192,-73749.008,-240980.739,-143793.772,0.9996,290150.447,173815.136,283772.310
611432,-73636.523,-240790.514,-143700.061,1.0007,289917.431,174021.985,283539.294
611672,-73523.963,-240600.066,-143606.217,1.0018,289684.156,174228.857,283306.019
611912,-73411.328,-240409.395,-143512.238,1.0029,289450.622,174435.753,283072.485
612152,-73298.617,-240218.500,-143418.125,1.0040,289216.828,174642.673,282838.691
612392,-73185.832,-240027.382,-143323.877,1.0051,288982.774,174849.618,282604.637
612632,-73072.971,-239836.039,-143229.495,1.0062,288748.459,175056.588,282370.322
612872,-72960.035,-239644.472,-143134.976,1.0074,288513.884,175263.584,282135.747
613112,-72847.023,-239452.680,-143040.323,1.0085,288279.047,175470.605,281900.910
613352,-72733.937,-239260.663,-142945.533,1.0096,288043.948,175677.651,281665.811
613592,-72620.775,-239068.420,-142850.608,1.0107,287808.587,175884.724,281430.450
613832,-72507.537,-238875.952,-142755.546,1.0118,287572.963,176091.824,281194.826
614072,-72394.224,-238683.256,-142660.348,1.0129,287337.076,176298.950,280958.939
614312,-72280.836,-238490.334,-142565.013,1.0141,287100.925,176506.103,280722.788
614552,-72167.372,-238297.184,-142469.540,1.0152,286864.511,176713.284,280486.374
614792,-72053.832,-238103.807,-142373.931,1.0163,286627.832,176920.492,280249.695
615032,-71940.217,-237910.202,-142278.184,1.0174,286390.888,177127.729,280012.751
615272,-71826.526,-237716.368,-142182.300,1.0186,286153.679,177334.993,279775.542
615512,-71712.759,-237522.306,-142086.277,1.0197,285916.204,177542.287,279538.067
615752,-71598.917,-237328.014,-141990.116,1.0208,285678.463,177749.609,279300.326
615992,-71484.998,-237133.493,-141893.816,1.0219,285440.455,177956.961,279062.318
616232,-71371.004,-236938.741,-141797.378,1.0231,285202.180,178164.342,278824.043
616472,-71256.934,-236743.759,-141700.801,1.0242,284963.638,178371.754,278585.501
616712,-71142.788,-236548.546,-141604.084,1.0254,284724.828,178579.196,278346.691
616952,-71028.566,-236353.102,-141507.228,1.0265,284485.749,178786.668,278107.612
617192,-70914.267,-236157.426,-141410.231,1.0276,284246.402,178994.171,277868.265
617432,-70799.893,-235961.518,-141313.095,1.0288,284006.785,179201.705,277628.648
617672,-70685.443,-235765.378,-141215.818,1.0299,283766.898,179409.272,277388.761
617912,-70570.916,-235569.005,-141118.401,1.0311,283526.741,179616.870,277148.604
618152,-70456.313,-235372.398,-141020.843,1.0322,283286.314,179824.500,276908.177
618392,-70341.633,-235175.557,-140923.143,1.0334,283045.615,180032.163,276667.478
618632,-70226.878,-234978.483,-140825.302,1.0346,282804.645,180239.859,276426.508
618872,-70112.046,-234781.173,-140727.320,1.0357,282563.403,180447.588,276185.266
619112,-69997.137,-234583.629,-140629.195,1.0369,282321.888,180655.351,275943.751
619352,-69882.152,-234385.849,-140530.928,1.0380,282080.100,180863.147,275701.963
619592,-69767.090,-234187.833,-140432.518,1.0392,281838.039,181070.978,275459.902
619832,-69651.952,-233989.581,-140333.966,1.0404,281595.704,181278.844,275217.567
620072,-69536.737,-233791.093,-140235.271,1.0415,281353.095,181486.745,274974.958
620312,-69421.445,-233592.367,-140136.432,1.0427,281110.210,181694.681,274732.073
620552,-69306.077,-233393.403,-140037.450,1.0439,280867.051,181902.653,274488.914
620792,-69190.631,-233194.202,-139938.323,1.0450,280623.615,182110.661,274245.478
621032,-69075.109,-232994.762,-139839.053,1.0462,280379.904,182318.705,274001.767
621272,-68959.510,-232795.083,-139739.638,1.0474,280135.915,182526.786,273757.778
621512,-68843.834,-232595.165,-139640.078,1.0486,279891.649,182734.905,273513.512
621752,-68728.081,-232395.007,-139540.373,1.0498,279647.106,182943.060,273268.969
621992,-68612.251,-232194.608,-139440.523,1.0509,279402.284,183151.254,273024.147
622232,-68496.343,-231993.969,-139340.527,1.0521,279157.184,183359.486,272779.047
622472,-68380.359,-231793.089,-139240.386,1.0533,278911.805,183567.756,272533.668
622712,-68264.297,-231591.968,-139140.098,1.0545,278666.146,183776.066,272288.009
622952,-68148.158,-231390.604,-139039.663,1.0557,278420.206,183984.414,272042.069
623192,-68031.942,-231188.999,-138939.082,1.0569,278173.986,184192.803,271795.849
623432,-67915.648,-230987.150,-138838.354,1.0581,277927.485,184401.231,271549.348
623672,-67799.277,-230785.058,-138737.479,1.0593,277680.703,184609.700,271302.566
623912,-67682.828,-230582.722,-138636.456,1.0605,277433.638,184818.210,271055.501
624152,-67566.302,-230380.141,-138535.285,1.0617,277186.291,185026.761,270808.154
624392,-67449.698,-230177.316,-138433.966,1.0629,276938.660,185235.353,270560.523
624632,-67333.016,-229974.246,-138332.498,1.0641,276690.746,185443.988,270312.609
624872,-67216.257,-229770.931,-138230.881,1.0653,276442.548,185652.664,270064.411
625112,-67099.420,-229567.369,-138129.116,1.0665,276194.065,185861.384,269815.928
625352,-66982.505,-229363.560,-138027.201,1.0677,275945.297,186070.147,269567.160
625592,-66865.512,-229159.505,-137925.136,1.0690,275696.243,186278.953,269318.106
625832,-66748.441,-228955.202,-137822.921,1.0702,275446.904,186487.803,269068.767
626072,-66631.293,-228750.652,-137720.556,1.0714,275197.277,186696.697,268819.140
626312,-66514.066,-228545.852,-137618.040,1.0726,274947.363,186905.636,268569.226
626552,-66396.761,-228340.804,-137515.374,1.0738,274697.162,187114.620,268319.025
626792,-66279.378,-228135.507,-137412.556,1.0751,274446.672,187323.650,268068.535
627032,-66161.917,-227929.960,-137309.587,1.0763,274195.894,187532.725,267817.757
627272,-66044.377,-227724.162,-137206.465,1.0775,273944.826,187741.847,267566.689
627512,-65926.759,-227518.114,-137103.192,1.0788,273693.469,187951.015,267315.332
627752,-65809.063,-227311.814,-136999.766,1.0800,273441.821,188160.230,267063.684
627992,-65691.288,-227105.262,-136896.188,1.0812,273189.882,188369.493,266811.745
628232,-65573.434,-226898.459,-136792.456,1.0825,272937.652,188578.804,266559.515
628472,-65455.503,-226691.402,-136688.571,1.0837,272685.130,188788.164,266306.993
628712,-65337.492,-226484.093,-136584.532,1.0850,272432.316,188997.571,266054.179
628952,-65219.403,-226276.530,-136480.340,1.0862,272179.208,189207.029,265801.071
629192,-65101.235,-226068.712,-136375.993,1.0875,271925.807,189416.535,265547.670
629432,-64982.988,-225860.640,-136271.491,1.0887,271672.112,189626.092,265293.975
629672,-64864.663,-225652.312,-136166.834,1.0900,271418.123,189835.699,265039.986
629912,-64746.258,-225443.729,-136062.022,1.0912,271163.838,190045.357,264785.701
630152,-64627.774,-225234.890,-135957.054,1.0925,270909.257,190255.066,264531.120
630392,-64509.212,-225025.794,-135851.931,1.0938,270654.380,190464.827,264276.243
630632,-64390.570,-224816.441,-135746.651,1.0950,270399.207,190674.640,264021.070
630872,-64271.849,-224606.830,-135641.214,1.0963,270143.736,190884.505,263765.599
631112,-64153.049,-224396.961,-135535.621,1.0976,269887.967,191094.424,263509.830
631352,-64034.170,-224186.834,-135429.870,1.0988,269631.899,191304.396,263253.762
631583,-63911.504,-223983.693,-135336.712,1.1001,269387.083,191499.119,263008.946
631823,-63792.435,-223773.059,-135230.696,1.1013,269130.448,191709.161,262752.311
632063,-63673.286,-223562.165,-135124.521,1.1026,268873.512,191919.257,262495.375
632303,-63554.059,-223351.011,-135018.187,1.1039,268616.275,192129.408,262238.138
632543,-63434.751,-223139.595,-134911.695,1.1052,268358.737,192339.615,261980.600
632783,-63315.364,-222927.917,-134805.043,1.1065,268100.898,192549.878,261722.761
633023,-63195.897,-222715.978,-134698.232,1.1078,267842.756,192760.198,261464.619
633263,-63076.351,-222503.775,-134591.261,1.1090,267584.311,192970.574,261206.174
633503,-62956.725,-222291.309,-134484.129,1.1103,267325.562,193181.008,260947.425
633743,-62837.018,-222078.579,-134376.837,1.1116,267066.509,193391.500,260688.372
633983,-62717.232,-221865.584,-134269.384,1.1129,266807.152,193602.051,260429.015
634223,-62597.366,-221652.325,-134161.769,1.1142,266547.489,193812.660,260169.352
634463,-62477.420,-221438.800,-134053.993,1.1155,266287.520,194023.329,259909.383
634703,-62357.393,-221225.009,-133946.055,1.1169,266027.245,194234.057,259649.108
634943,-62237.287,-221010.952,-133837.955,1.1182,265766.663,194444.846,259388.526
635183,-62117.100,-220796.628,-133729.692,1.1195,265505.773,194655.695,259127.636
635423,-61996.833,-220582.036,-133621.265,1.1208,265244.574,194866.606,258866.437
635663,-61876.485,-220367.175,-133512.676,1.1221,264983.067,195077.578,258604.930
635903,-61756.057,-220152.046,-133403.922,1.1234,264721.251,195288.613,258343.114
636143,-61635.549,-219936.648,-133295.005,1.1247,264459.124,195499.710,258080.987
636383,-61514.959,-219720.980,-133185.923,1.1261,264196.687,195710.870,257818.550
636623,-61394.290,-219505.041,-133076.676,1.1274,263933.938,195922.094,257555.801
636863,-61273.539,-219288.832,-132967.263,1.1287,263670.877,196133.382,257292.740
637103,-61152.708,-219072.351,-132857.686,1.1301,263407.504,196344.735,257029.367
637343,-61031.795,-218855.598,-132747.942,1.1314,263143.818,196556.153,256765.681
637583,-60910.802,-218638.572,-132638.032,1.1327,262879.818,196767.636,256501.681
637823,-60789.728,-218421.273,-132527.955,1.1341,262615.503,196979.186,256237.366
637968,-60716.648,-218290.049,-132461.467,1.1349,262455.895,197106.841,256077.758
638208,-60595.444,-218072.311,-132351.123,1.1362,262191.076,197318.498,255812.939
638448,-60474.158,-217854.298,-132240.610,1.1376,261925.940,197530.222,255547.803
638688,-60352.792,-217636.010,-132129.930,1.1389,261660.487,197742.014,255282.350
638928,-60231.344,-217417.446,-132019.081,1.1403,261394.718,197953.875,255016.581
639168,-60109.815,-217198.606,-131908.063,1.1417,261128.630,198165.805,254750.493
639408,-59988.204,-216979.488,-131796.877,1.1430,260862.224,198377.804,254484.087
639648,-59866.512,-216760.093,-131685.520,1.1444,260595.498,198589.873,254217.361
639888,-59744.739,-216540.420,-131573.994,1.1457,260328.453,198802.012,253950.316
640128,-59622.884,-216320.469,-131462.297,1.1471,260061.087,199014.223,253682.950
640368,-59500.947,-216100.237,-131350.430,1.1485,259793.400,199226.506,253415.263
640608,-59378.928,-215879.726,-131238.392,1.1499,259525.391,199438.860,253147.254
640848,-59256.827,-215658.935,-131126.182,1.1512,259257.060,199651.287,252878.923
641088,-59134.645,-215437.862,-131013.800,1.1526,258988.406,199863.788,252610.269
641328,-59012.380,-215216.507,-130901.246,1.1540,258719.428,200076.362,252341.291
641568,-58890.034,-214994.870,-130788.520,1.1554,258450.125,200289.010,252071.988
641808,-58767.605,-214772.950,-130675.620,1.1568,258180.498,200501.734,251802.361
642048,-58645.094,-214550.747,-130562.547,1.1582,257910.544,200714.533,251532.407
642288,-58522.501,-214328.260,-130449.300,1.1596,257640.265,200927.407,251262.128
642528,-58399.826,-214105.487,-130335.879,1.1610,257369.658,201140.359,250991.521
642768,-58277.068,-213882.429,-130222.283,1.1624,257098.723,201353.387,250720.586
643008,-58154.228,-213659.086,-130108.512,1.1638,256827.460,201566.493,250449.323
643248,-58031.305,-213435.455,-129994.566,1.1652,256555.867,201779.677,250177.730
643488,-57908.300,-213211.537,-129880.444,1.1666,256283.945,201992.940,249905.808
643728,-57785.211,-212987.332,-129766.145,1.1680,256011.692,202206.283,249633.555
643968,-57662.040,-212762.838,-129651.670,1.1694,255739.109,202419.705,249360.972
644208,-57538.787,-212538.054,-129537.018,1.1708,255466.193,202633.208,249088.056
644448,-57415.450,-212312.981,-129422.188,1.1722,255192.944,202846.791,248814.807
644688,-57292.030,-212087.618,-129307.181,1.1737,254919.362,203060.457,248541.225
644928,-57168.528,-211861.963,-129191.994,1.1751,254645.447,203274.205,248267.310
645168,-57044.942,-211636.017,-129076.630,1.1765,254371.196,203488.035,247993.059
645408,-56921.273,-211409.778,-128961.086,1.1780,254096.610,203701.949,247718.473
645648,-56797.521,-211183.246,-128845.362,1.1794,253821.688,203915.947,247443.551
645888,-56673.685,-210956.421,-128729.458,1.1808,253546.429,204130.030,247168.292
646128,-56549.766,-210729.301,-128613.374,1.1823,253270.832,204344.198,246892.695
646368,-56425.764,-210501.887,-128497.109,1.1837,252994.897,204558.451,246616.760
646608,-56301.677,-210274.176,-128380.662,1.1852,252718.623,204772.792,246340.486
646848,-56177.508,-210046.170,-128264.034,1.1866,252442.010,204987.219,246063.873
647088,-56053.254,-209817.866,-128147.223,1.1881,252165.055,205201.734,245786.918
647328,-55928.917,-209589.265,-128030.230,1.1896,251887.760,205416.337,245509.623
647568,-55804.496,-209360.365,-127913.054,1.1910,251610.122,205631.029,245231.985
647808,-55679.991,-209131.167,-127795.694,1.1925,251332.142,205845.811,244954.005
648048,-55555.402,-208901.669,-127678.150,1.1939,251053.819,206060.682,244675.682
648288,-55430.729,-208671.870,-127560.422,1.1954,250775.151,206275.645,244397.014
648528,-55305.971,-208441.770,-127442.509,1.1969,250496.138,206490.699,244118.001
648768,-55181.130,-208211.369,-127324.411,1.1984,250216.780,206705.845,243838.643
649008,-55056.204,-207980.665,-127206.126,1.1999,249937.075,206921.084,243558.938
649248,-54931.193,-207749.658,-127087.656,1.2013,249657.022,207136.416,243278.885
649488,-54806.098,-207518.348,-126968.999,1.2028,249376.622,207351.842,242998.485
649728,-54680.919,-207286.732,-126850.154,1.2043,249095.873,207567.363,242717.736
649968,-54555.655,-207054.812,-126731.122,1.2058,248814.775,207782.979,242436.638
650208,-54430.306,-206822.586,-126611.902,1.2073,248533.326,207998.691,242155.189
650448,-54304.873,-206590.053,-126492.493,1.2088,248251.526,208214.500,241873.389
650688,-54179.354,-206357.212,-126372.896,1.2103,247969.374,208430.406,241591.237
650928,-54053.751,-206124.064,-126253.108,1.2118,247686.869,208646.410,241308.732
651168,-53928.063,-205890.607,-126133.131,1.2134,247404.011,208862.513,241025.874
651408,-53802.289,-205656.840,-126012.964,1.2149,247120.799,209078.715,240742.662
651648,-53676.430,-205422.764,-125892.605,1.2164,246837.232,209295.018,240459.095
651888,-53550.486,-205188.376,-125772.055,1.2179,246553.309,209511.420,240175.172
652128,-53424.457,-204953.676,-125651.313,1.2194,246269.029,209727.925,239890.892
652368,-53298.342,-204718.664,-125530.379,1.2210,245984.391,209944.531,239606.254
652608,-53172.142,-204483.339,-125409.252,1.2225,245699.396,210161.240,239321.259
652848,-53045.856,-204247.700,-125287.931,1.2240,245414.041,210378.053,239035.904
653088,-52919.485,-204011.746,-125166.417,1.2256,245128.327,210594.970,238750.190
653328,-52793.028,-203775.477,-125044.708,1.2271,244842.251,210811.991,238464.114
653568,-52666.485,-203538.892,-124922.805,1.2287,244555.814,211029.119,238177.677
653808,-52539.856,-203301.990,-124800.706,1.2302,244269.015,211246.353,237890.878
654048,-52413.141,-203064.770,-124678.411,1.2318,243981.853,211463.693,237603.716
654288,-52286.339,-202827.232,-124555.920,1.2333,243694.326,211681.142,237316.189
654528,-52159.452,-202589.374,-124433.233,1.2349,243406.435,211898.699,237028.298
654768,-52032.479,-202351.197,-124310.347,1.2365,243118.177,212116.365,236740.040
655008,-51905.419,-202112.699,-124187.264,1.2380,242829.554,212334.142,236451.417
655248,-51778.273,-201873.879,-124063.983,1.2396,242540.562,212552.029,236162.425
655488,-51651.040,-201634.737,-123940.502,1.2412,242251.203,212770.028,235873.066
655728,-51523.721,-201395.272,-123816.823,1.2428,241961.474,212988.138,235583.337
655968,-51396.315,-201155.483,-123692.943,1.2444,241671.375,213206.362,235293.238
656208,-51268.822,-200915.369,-123568.863,1.2460,241380.905,213424.700,235002.768
656448,-51141.243,-200674.929,-123444.582,1.2476,241090.064,213643.152,234711.927
656688,-51013.577,-200434.164,-123320.099,1.2492,240798.849,213861.719,234420.712
656928,-50885.823,-200193.071,-123195.414,1.2508,240507.262,214080.403,234129.125
657168,-50757.983,-199951.651,-123070.527,1.2524,240215.299,214299.203,233837.162
657408,-50630.055,-199709.901,-122945.436,1.2540,239922.962,214518.121,233544.825
657648,-50502.040,-199467.823,-122820.142,1.2556,239630.248,214737.157,233252.111
657888,-50373.938,-199225.413,-122694.644,1.2572,239337.157,214956.313,232959.020
658128,-50245.749,-198982.673,-122568.941,1.2588,239043.688,215175.588,232665.551
658368,-50117.471,-198739.601,-122443.032,1.2604,238749.840,215394.984,232371.703
658608,-49989.107,-198496.195,-122316.918,1.2621,238455.612,215614.502,232077.475
658848,-49860.654,-198252.457,-122190.597,1.2637,238161.003,215834.143,231782.866
659088,-49732.114,-198008.383,-122064.070,1.2653,237866.013,216053.906,231487.876
659328,-49603.486,-197763.974,-121937.334,1.2670,237570.640,216273.794,231192.503
659568,-49474.770,-197519.229,-121810.391,1.2686,237274.883,216493.806,230896.746
659808,-49345.967,-197274.147,-121683.239,1.2703,236978.742,216713.944,230600.605
660048,-49217.075,-197028.727,-121555.878,1.2719,236682.216,216934.209,230304.079
660288,-49088.094,-196782.968,-121428.307,1.2736,236385.303,217154.600,230007.166
660528,-48959.026,-196536.870,-121300.526,1.2753,236088.003,217375.121,229709.866
660768,-48829.869,-196290.431,-121172.533,1.2769,235790.314,217595.770,229412.177
661008,-48700.624,-196043.651,-121044.329,1.2786,235492.236,217816.549,229114.099
661248,-48571.290,-195796.528,-120915.914,1.2803,235193.768,218037.459,228815.631
661488,-48441.867,-195549.062,-120787.285,1.2819,234894.909,218258.500,228516.772
661728,-48312.356,-195301.252,-120658.443,1.2836,234595.658,218479.674,228217.521
661968,-48182.756,-195053.097,-120529.387,1.2853,234296.013,218700.981,227917.876
662208,-48053.067,-194804.596,-120400.117,1.2870,233995.975,218922.423,227617.838
662448,-47923.289,-194555.749,-120270.631,1.2887,233695.541,219143.999,227317.404
662688,-47793.422,-194306.554,-120140.930,1.2904,233394.711,219365.712,227016.574
662928,-47663.466,-194057.010,-120011.013,1.2921,233093.484,219587.561,226715.347
663168,-47533.420,-193807.117,-119880.879,1.2938,232791.859,219809.549,226413.722
663408,-47403.286,-193556.873,-119750.527,1.2955,232489.835,220031.675,226111.698
663648,-47273.061,-193306.278,-119619.957,1.2973,232187.411,220253.941,225809.274
663888,-47142.748,-193055.331,-119489.168,1.2990,231884.585,220476.347,225506.448
664128,-47012.344,-192804.031,-119358.160,1.3007,231581.357,220698.894,225203.220
664368,-46881.851,-192552.376,-119226.932,1.3024,231277.727,220921.584,224899.590
664608,-46751.268,-192300.366,-119095.484,1.3042,230973.692,221144.418,224595.555
664848,-46620.595,-192048.001,-118963.814,1.3059,230669.251,221367.395,224291.114
665088,-46489.833,-191795.278,-118831.922,1.3077,230364.404,221590.518,223986.267
665328,-46358.980,-191542.197,-118699.808,1.3094,230059.150,221813.787,223681.013
665568,-46228.037,-191288.758,-118567.470,1.3112,229753.488,222037.203,223375.351
665808,-46097.003,-191034.958,-118434.909,1.3129,229447.416,222260.767,223069.279
666048,-45965.880,-190780.798,-118302.123,1.3147,229140.933,222484.480,222762.796
666288,-45834.666,-190526.276,-118169.112,1.3165,228834.039,222708.343,222455.902
666528,-45703.361,-190271.391,-118035.876,1.3182,228526.732,222932.357,222148.595
666768,-45571.966,-190016.142,-117902.413,1.3200,228219.011,223156.523,221840.874
667008,-45440.480,-189760.528,-117768.722,1.3218,227910.876,223380.842,221532.739
667248,-45308.903,-189504.549,-117634.804,1.3236,227602.324,223605.315,221224.187
667488,-45177.235,-189248.202,-117500.658,1.3254,227293.355,223829.943,220915.218
667728,-45045.476,-188991.488,-117366.282,1.3272,226983.968,224054.726,220605.831
667968,-44913.626,-188734.405,-117231.677,1.3290,226674.162,224279.667,220296.025
668208,-44781.685,-188476.952,-117096.841,1.3308,226363.935,224504.766,219985.798
668448,-44649.653,-188219.129,-116961.774,1.3326,226053.287,224730.024,219675.150
668688,-44517.529,-187960.933,-116826.476,1.3344,225742.216,224955.441,219364.079
668928,-44385.314,-187702.364,-116690.944,1.3362,225430.721,225181.020,219052.584
669168,-44253.007,-187443.422,-116555.180,1.3381,225118.802,225406.761,218740.665
669408,-44120.609,-187184.104,-116419.181,1.3399,224806.456,225632.665,218428.319
669648,-43988.118,-186924.410,-116282.948,1.3417,224493.683,225858.734,218115.546
669744,-43931.440,-186819.329,-116230.827,1.3425,224368.087,225947.032,217989.950
669981,-43800.622,-186562.696,-116096.181,1.3443,224059.048,226170.182,217680.911
670218,-43669.715,-186305.693,-115961.306,1.3462,223749.592,226393.495,217371.455
670454,-43538.718,-186048.322,-115826.200,1.3480,223439.716,226616.971,217061.579
670691,-43407.632,-185790.580,-115690.863,1.3498,223129.420,226840.611,216751.283
670928,-43276.456,-185532.467,-115555.294,1.3517,222818.701,227064.417,216440.564
671164,-43145.190,-185273.981,-115419.492,1.3535,222507.561,227288.389,216129.424
671401,-43013.834,-185015.122,-115283.457,1.3554,222195.996,227512.529,215817.859
671638,-42882.389,-184755.888,-115147.187,1.3572,221884.006,227736.837,215505.869
671874,-42750.853,-184496.278,-115010.683,1.3591,221571.590,227961.315,215193.453
672111,-42619.227,-184236.292,-114873.943,1.3609,221258.746,228185.964,214880.609
672351,-42485.665,-183972.279,-114735.047,1.3628,220941.083,228413.934,214562.946
672591,-42352.010,-183707.876,-114595.908,1.3647,220622.978,228642.082,214244.841
672831,-42218.262,-183443.083,-114456.524,1.3667,220304.430,228870.409,213926.293
673071,-42084.421,-183177.897,-114316.894,1.3686,219985.438,229098.917,213607.301
673311,-41950.487,-182912.319,-114177.019,1.3705,219666.000,229327.606,213287.863
673551,-41816.459,-182646.346,-114036.897,1.3724,219346.115,229556.477,212967.978
673791,-41682.338,-182379.978,-113896.528,1.3743,219025.781,229785.531,212647.644
674031,-41548.124,-182113.214,-113755.910,1.3763,218704.998,230014.771,212326.861
674271,-41413.816,-181846.052,-113615.043,1.3782,218383.765,230244.197,212005.628
674511,-41279.414,-181578.491,-113473.926,1.3802,218062.079,230473.810,211683.942
674751,-41144.918,-181310.530,-113332.559,1.3821,217739.940,230703.611,211361.803
674991,-41010.329,-181042.168,-113190.940,1.3841,217417.346,230933.602,211039.209
675231,-40875.645,-180773.403,-113049.068,1.3861,217094.296,231163.784,210716.159
675471,-40740.867,-180504.235,-112906.944,1.3880,216770.789,231394.158,210392.652
675711,-40605.995,-180234.662,-112764.566,1.3900,216446.824,231624.725,210068.687
675951,-40471.029,-179964.683,-112621.932,1.3920,216122.398,231855.488,209744.261
676191,-40335.968,-179694.296,-112479.044,1.3940,215797.511,232086.446,209419.374
676431,-40200.813,-179423.501,-112335.899,1.3960,215472.161,232317.601,209094.024
676671,-40065.563,-179152.296,-112192.496,1.3980,215146.347,232548.954,208768.210
676911,-39930.219,-178880.680,-112048.836,1.4000,214820.068,232780.508,208441.931
677151,-39794.779,-178608.652,-111904.916,1.4020,214493.322,233012.262,208115.185
677391,-39659.245,-178336.210,-111760.737,1.4040,214166.108,233244.219,207787.971
677631,-39523.616,-178063.353,-111616.297,1.4060,213838.424,233476.379,207460.287
677871,-39387.891,-177790.080,-111471.596,1.4081,213510.269,233708.745,207132.132
678111,-39252.072,-177516.389,-111326.632,1.4101,213181.642,233941.316,206803.505
678351,-39116.157,-177242.280,-111181.405,1.4122,212852.541,234174.096,206474.404
678591,-38980.146,-176967.751,-111035.913,1.4142,212522.965,234407.084,206144.828
678831,-38844.040,-176692.800,-110890.157,1.4163,212192.912,234640.282,205814.775
679071,-38707.839,-176417.427,-110744.135,1.4183,211862.381,234873.693,205484.244
679311,-38571.542,-176141.629,-110597.846,1.4204,211531.371,235107.316,205153.234
679551,-38435.148,-175865.407,-110451.289,1.4225,211199.879,235341.154,204821.742
679791,-38298.659,-175588.757,-110304.463,1.4246,210867.905,235575.208,204489.768
680031,-38162.074,-175311.680,-110157.368,1.4267,210535.448,235809.479,204157.311
680271,-38025.393,-175034.173,-110010.003,1.4288,210202.504,236043.969,203824.367
680511,-37888.616,-174756.235,-109862.365,1.4309,209869.074,236278.678,203490.937
680751,-37751.742,-174477.865,-109714.456,1.4330,209535.155,236513.610,203157.018
680991,-37614.772,-174199.061,-109566.273,1.4351,209200.746,236748.764,202822.609
681231,-37477.706,-173919.823,-109417.816,1.4372,208865.846,236984.143,202487.709
681471,-37340.542,-173640.148,-109269.084,1.4393,208530.453,237219.747,202152.316
681711,-37203.282,-173360.035,-109120.076,1.4415,208194.565,237455.579,201816.428
681951,-37065.926,-173079.483,-108970.791,1.4436,207858.181,237691.640,201480.044
682191,-36928.472,-172798.490,-108821.227,1.4458,207521.300,237927.931,201143.163
682431,-36790.921,-172517.056,-108671.385,1.4479,207183.919,238164.455,200805.782
682671,-36653.273,-172235.177,-108521.262,1.4501,206846.037,238401.211,200467.900
682845,-36553.306,-172030.138,-108412.180,1.4517,206600.371,238573.293,200222.234
683085,-36415.490,-171747.481,-108261.574,1.4539,206261.615,238810.461,199883.478
683325,-36277.576,-171464.378,-108110.685,1.4561,205922.353,239047.867,199544.216
683565,-36139.564,-171180.825,-107959.513,1.4583,205582.585,239285.511,199204.448
683805,-36001.455,-170896.822,-107808.055,1.4605,205242.308,239523.396,198864.171
684045,-35863.248,-170612.366,-107656.312,1.4627,204901.522,239761.524,198523.385
684285,-35724.943,-170327.457,-107504.282,1.4649,204560.223,239999.895,198182.086
684525,-35586.541,-170042.093,-107351.965,1.4671,204218.412,240238.512,197840.275
684765,-35448.040,-169756.273,-107199.358,1.4693,203876.085,240477.376,197497.948
685005,-35309.441,-169469.994,-107046.461,1.4716,203533.241,240716.488,197155.104
685245,-35170.744,-169183.255,-106893.273,1.4738,203189.879,240955.851,196811.742
685485,-35031.949,-168896.056,-106739.794,1.4761,202845.997,241195.466,196467.860
685725,-34893.055,-168608.393,-106586.021,1.4783,202501.593,241435.334,196123.456
685965,-34754.063,-168320.266,-106431.954,1.4806,202156.666,241675.457,195778.529
686205,-34614.972,-168031.673,-106277.591,1.4829,201811.213,241915.838,195433.076
686445,-34475.782,-167742.612,-106122.933,1.4851,201465.234,242156.477,195087.097
686685,-34336.494,-167453.082,-105967.976,1.4874,201118.725,242397.376,194740.588
686925,-34197.106,-167163.081,-105812.721,1.4897,200771.686,242638.538,194393.549
687165,-34057.620,-166872.608,-105657.167,1.4920,200424.115,242879.963,194045.978
687405,-33918.034,-166581.661,-105501.311,1.4943,200076.009,243121.654,193697.872
687645,-33778.350,-166290.237,-105345.154,1.4967,199727.368,243363.612,193349.231
687885,-33638.566,-165998.337,-105188.693,1.4990,199378.189,243605.839,193000.052
688125,-33498.682,-165705.957,-105031.929,1.5013,199028.470,243848.337,192650.333
688365,-33358.699,-165413.096,-104874.859,1.5037,198678.210,244091.107,192300.073
688605,-33218.616,-165119.752,-104717.482,1.5060,198327.406,244334.152,191949.269
688845,-33078.434,-164825.925,-104559.797,1.5084,197976.058,244577.474,191597.921
689085,-32938.152,-164531.611,-104401.804,1.5108,197624.162,244821.073,191246.025
689325,-32797.770,-164236.809,-104243.501,1.5132,197271.718,245064.952,190893.581
689565,-32657.287,-163941.518,-104084.886,1.5155,196918.723,245309.114,190540.586
689805,-32516.705,-163645.736,-103925.958,1.5179,196565.175,245553.558,190187.038
690045,-32376.022,-163349.461,-103766.717,1.5203,196211.072,245798.289,189832.935
690285,-32235.240,-163052.691,-103607.162,1.5228,195856.413,246043.306,189478.276
690525,-32094.356,-162755.424,-103447.289,1.5252,195501.196,246288.614,189123.059
690765,-31953.373,-162457.659,-103287.100,1.5276,195145.417,246534.212,188767.280
691005,-31812.288,-162159.393,-103126.592,1.5301,194789.077,246780.104,188410.940
691245,-31671.103,-161860.626,-102965.764,1.5325,194432.172,247026.291,188054.035
691485,-31529.817,-161561.354,-102804.614,1.5350,194074.700,247272.775,187696.563
691725,-31388.430,-161261.577,-102643.143,1.5374,193716.660,247519.559,187338.523
691965,-31246.942,-160961.292,-102481.347,1.5399,193358.050,247766.643,186979.913
692205,-31105.354,-160660.497,-102319.227,1.5424,192998.867,248014.031,186620.730
692445,-30963.663,-160359.191,-102156.780,1.5449,192639.109,248261.724,186260.972
692685,-30821.872,-160057.372,-101994.005,1.5474,192278.774,248509.725,185900.637
692925,-30679.979,-159755.037,-101830.902,1.5499,191917.861,248758.035,185539.724
693165,-30537.985,-159452.184,-101667.468,1.5524,191556.367,249006.656,185178.230
693405,-30395.889,-159148.813,-101503.702,1.5550,191194.290,249255.591,184816.153
693645,-30253.692,-158844.920,-101339.604,1.5575,190831.627,249504.842,184453.490
693885,-30111.392,-158540.504,-101175.171,1.5601,190468.377,249754.410,184090.240
694125,-29968.991,-158235.563,-101010.403,1.5626,190104.538,250004.299,183726.401
694365,-29826.488,-157930.095,-100845.297,1.5652,189740.107,250254.510,183361.970
694551,-29716.077,-157693.206,-100717.222,1.5672,189457.519,250448.472,183079.382
694648,-29658.332,-157569.067,-100649.963,1.5682,189309.383,250550.186,182931.246
694736,-29606.263,-157457.080,-100589.275,1.5691,189175.752,250641.932,182797.615
694824,-29554.181,-157345.022,-100528.541,1.5700,189042.041,250733.722,182663.904
694912,-29502.086,-157232.893,-100467.762,1.5710,188908.250,250825.556,182530.113
694999,-29449.976,-157120.692,-100406.937,1.5720,188774.378,250917.434,182396.241
695087,-29397.853,-157008.420,-100346.066,1.5729,188640.427,251009.356,182262.290
695175,-29345.716,-156896.076,-100285.150,1.5739,188506.395,251101.322,182128.258
695262,-29293.566,-156783.661,-100224.188,1.5748,188372.283,251193.333,181994.146
695350,-29241.402,-156671.174,-100163.179,1.5758,188238.091,251285.388,181859.954
695438,-29189.111,-156558.486,-100102.209,1.5767,188103.738,251377.482,181725.601
695678,-29046.285,-156250.167,-99934.942,1.5794,187735.969,251629.682,181357.832
695918,-28903.356,-155941.308,-99767.329,1.5820,187367.594,251882.218,180989.457
696158,-28760.324,-155631.906,-99599.368,1.5847,186998.611,252135.093,180620.474
696398,-28617.190,-155321.959,-99431.057,1.5873,186629.016,252388.309,180250.879
696638,-28473.953,-155011.464,-99262.396,1.5900,186258.807,252641.869,179880.670
696878,-28330.613,-154700.421,-99093.382,1.5927,185887.983,252895.774,179509.846
697118,-28187.170,-154388.826,-98924.015,1.5953,185516.541,253150.028,179138.404
697358,-28043.624,-154076.677,-98754.293,1.5980,185144.478,253404.632,178766.341
697598,-27899.975,-153763.973,-98584.213,1.6008,184771.792,253659.590,178393.655
697838,-27756.223,-153450.710,-98413.775,1.6035,184398.480,253914.903,178020.343
698078,-27612.367,-153136.887,-98242.977,1.6062,184024.541,254170.574,177646.404
698318,-27468.408,-152822.501,-98071.818,1.6090,183649.971,254426.605,177271.834
698558,-27324.346,-152507.551,-97900.295,1.6117,183274.768,254683.000,176896.631
698798,-27180.180,-152192.033,-97728.408,1.6145,182898.930,254939.760,176520.793
699038,-27035.910,-151875.945,-97556.154,1.6173,182522.454,255196.887,176144.317
699278,-26891.536,-151559.285,-97383.533,1.6201,182145.338,255454.386,175767.201
699518,-26747.059,-151242.051,-97210.542,1.6229,181767.579,255712.257,175389.442
699758,-26602.478,-150924.240,-97037.179,1.6257,181389.174,255970.505,175011.037
699998,-26457.793,-150605.851,-96863.444,1.6285,181010.121,256229.131,174631.984
700238,-26313.003,-150286.879,-96689.334,1.6313,180630.417,256488.137,174252.280
700478,-26168.110,-149967.323,-96514.848,1.6342,180250.059,256747.528,173871.922
700718,-26023.112,-149647.181,-96339.983,1.6370,179869.046,257007.305,173490.909
700958,-25878.010,-149326.450,-96164.739,1.6399,179487.374,257267.471,173109.237
701198,-25732.804,-149005.128,-95989.114,1.6428,179105.040,257528.028,172726.903
701438,-25587.494,-148683.211,-95813.105,1.6457,178722.042,257788.981,172343.905
701678,-25442.078,-148360.698,-95636.712,1.6486,178338.377,258050.331,171960.240
701918,-25296.559,-148037.586,-95459.932,1.6515,177954.043,258312.081,171575.906
702158,-25150.934,-147713.872,-95282.763,1.6545,177569.036,258574.234,171190.899
702398,-25005.205,-147389.554,-95105.203,1.6574,177183.353,258836.793,170805.216
702638,-24859.372,-147064.629,-94927.252,1.6604,176796.992,259099.761,170418.855
702878,-24713.433,-146739.094,-94748.907,1.6633,176409.951,259363.141,170031.814
703118,-24567.389,-146412.947,-94570.165,1.6663,176022.225,259626.935,169644.088
703358,-24421.241,-146086.185,-94391.026,1.6693,175633.813,259891.147,169255.676
703598,-24274.987,-145758.805,-94211.488,1.6723,175244.710,260155.780,168866.573
703838,-24128.629,-145430.805,-94031.547,1.6754,174854.916,260420.836,168476.779
704078,-23982.165,-145102.181,-93851.204,1.6784,174464.425,260686.319,168086.288
704318,-23835.596,-144772.932,-93670.454,1.6815,174073.236,260952.231,167695.099
704558,-23688.922,-144443.053,-93489.298,1.6845,173681.345,261218.577,167303.208
704798,-23542.142,-144112.544,-93307.732,1.6876,173288.749,261485.358,166910.612
705038,-23395.257,-143781.399,-93125.755,1.6907,172895.445,261752.579,166517.308
705278,-23248.267,-143449.618,-92943.365,1.6938,172501.431,262020.242,166123.294
705518,-23101.171,-143117.196,-92760.559,1.6969,172106.702,262288.350,165728.565
705758,-22953.970,-142784.130,-92577.335,1.7001,171711.257,262556.908,165333.120
705998,-22806.663,-142450.419,-92393.693,1.7032,171315.090,262825.917,164936.953
706238,-22659.250,-142116.058,-92209.628,1.7064,170918.200,263095.382,164540.063
706478,-22511.732,-141781.046,-92025.140,1.7096,170520.584,263365.305,164142.447
706718,-22364.108,-141445.378,-91840.227,1.7128,170122.237,263635.691,163744.100
706958,-22216.379,-141109.052,-91654.885,1.7160,169723.157,263906.542,163345.020
707183,-22077.213,-140793.122,-91481.025,1.7190,169348.412,264160.479,162970.275
707423,-21929.276,-140455.518,-91294.842,1.7222,168947.903,264432.237,162569.766
707663,-21781.234,-140117.246,-91108.225,1.7255,168546.651,264704.472,162168.514
707903,-21633.085,-139778.304,-90921.172,1.7288,168144.653,264977.185,161766.516
708143,-21484.831,-139438.688,-90733.679,1.7320,167741.904,265250.381,161363.767
708383,-21336.471,-139098.395,-90545.746,1.7354,167338.402,265524.064,160960.265
708623,-21188.005,-138757.422,-90357.369,1.7387,166934.142,265798.236,160556.005
708863,-21039.433,-138415.765,-90168.547,1.7420,166529.123,266072.902,160150.986
709103,-20890.755,-138073.422,-89979.276,1.7454,166123.339,266348.065,159745.202
709343,-20741.971,-137730.388,-89789.556,1.7487,165716.787,266623.729,159338.650
709583,-20593.081,-137386.660,-89599.383,1.7521,165309.464,266899.898,158931.327
709823,-20444.085,-137042.236,-89408.754,1.7555,164901.366,267176.576,158523.229
710063,-20294.983,-136697.111,-89217.669,1.7589,164492.489,267453.766,158114.352
710303,-20145.775,-136351.282,-89026.123,1.7624,164082.830,267731.472,157704.693
710543,-19996.461,-136004.746,-88834.115,1.7658,163672.384,268009.698,157294.247
710783,-19847.041,-135657.499,-88641.642,1.7693,163261.149,268288.449,156883.012
711023,-19697.514,-135309.538,-88448.702,1.7728,162849.120,268567.728,156470.983
711263,-19547.882,-134960.858,-88255.292,1.7763,162436.293,268847.539,156058.156
711503,-19398.144,-134611.456,-88061.409,1.7798,162022.665,269127.886,155644.528
711743,-19248.299,-134261.330,-87867.051,1.7833,161608.231,269408.774,155230.094
711983,-19098.349,-133910.474,-87672.216,1.7869,161192.988,269690.206,154814.851
712140,-19000.330,-133680.865,-87544.672,1.7892,160921.272,269874.360,154543.135
712380,-18850.204,-133328.796,-87349.041,1.7928,160504.682,270156.702,154126.545
712620,-18699.972,-132975.987,-87152.926,1.7964,160087.272,270439.599,153709.135
712860,-18549.635,-132622.435,-86956.323,1.8000,159669.037,270723.057,153290.900
713100,-18399.191,-132268.137,-86759.230,1.8037,159249.974,271007.079,152871.837
713340,-18248.642,-131913.088,-86561.644,1.8073,158830.078,271291.670,152451.941
713580,-18097.987,-131557.284,-86363.562,1.8110,158409.346,271576.834,152031.209
713820,-17947.226,-131200.721,-86164.982,1.8147,157987.773,271862.576,151609.636
714060,-17796.359,-130843.396,-85965.901,1.8184,157565.354,272148.900,151187.217
714300,-17645.387,-130485.304,-85766.315,1.8222,157142.085,272435.811,150763.948
714540,-17494.309,-130126.441,-85566.222,1.8259,156717.962,272723.314,150339.825
714780,-17343.125,-129766.803,-85365.619,1.8297,156292.981,273011.413,149914.844
715020,-17191.836,-129406.386,-85164.503,1.8335,155867.137,273300.113,149489.000
715260,-17040.441,-129045.185,-84962.871,1.8373,155440.425,273589.419,149062.288
715500,-16888.941,-128683.197,-84760.719,1.8412,155012.841,273879.335,148634.704
715740,-16737.335,-128320.416,-84558.046,1.8450,154584.381,274169.867,148206.244
715980,-16585.625,-127956.840,-84354.847,1.8489,154155.039,274461.019,147776.902
716220,-16433.809,-127592.462,-84151.120,1.8528,153724.811,274752.797,147346.674
716460,-16281.888,-127227.279,-83946.861,1.8568,153293.692,275045.205,146915.555
716700,-16129.862,-126861.286,-83742.068,1.8607,152861.677,275338.249,146483.540
716940,-15977.732,-126494.479,-83536.737,1.8647,152428.762,275631.934,146050.625
717180,-15825.496,-126126.854,-83330.864,1.8687,151994.942,275926.265,145616.805
717420,-15673.156,-125758.404,-83124.447,1.8727,151560.211,276221.246,145182.074
717660,-15520.711,-125389.126,-82917.482,1.8767,151124.565,276516.885,144746.428
717900,-15368.162,-125019.016,-82709.965,1.8808,150687.999,276813.185,144309.862
718140,-15215.509,-124648.067,-82501.894,1.8849,150250.507,277110.153,143872.370
718380,-15062.751,-124276.276,-82293.265,1.8890,149812.085,277407.794,143433.948
718620,-14909.890,-123903.638,-82084.074,1.8931,149372.727,277706.113,142994.590
718860,-14756.924,-123530.147,-81874.318,1.8973,148932.427,278005.117,142554.290
719100,-14603.855,-123155.798,-81663.993,1.9015,148491.181,278304.810,142113.044
719340,-14450.683,-122780.587,-81453.095,1.9057,148048.984,278605.199,141670.847
719580,-14297.407,-122404.509,-81241.622,1.9099,147605.829,278906.290,141227.692
719820,-14144.028,-122027.557,-81029.569,1.9142,147161.711,279208.088,140783.574
720060,-13990.546,-121649.728,-80816.933,1.9185,146716.626,279510.599,140338.489
720300,-13836.961,-121271.015,-80603.709,1.9228,146270.566,279813.830,139892.429
720540,-13683.273,-120891.414,-80389.894,1.9271,145823.527,280117.786,139445.390
720780,-13529.483,-120510.918,-80175.484,1.9315,145375.502,280422.474,138997.365
721020,-13375.591,-120129.523,-79960.475,1.9359,144926.486,280727.900,138548.349
721260,-13221.597,-119747.223,-79744.864,1.9403,144476.474,281034.071,138098.337
721500,-13067.501,-119364.013,-79528.645,1.9447,144025.458,281340.992,137647.321
721740,-12913.303,-118979.886,-79311.816,1.9492,143573.434,281648.670,137195.297
721980,-12759.005,-118594.837,-79094.372,1.9537,143120.394,281957.113,136742.257
722220,-12604.605,-118208.860,-78876.308,1.9582,142666.334,282266.325,136288.197
722460,-12450.105,-117821.950,-78657.621,1.9628,142211.246,282576.315,135833.109
722700,-12295.504,-117434.100,-78438.307,1.9674,141755.124,282887.089,135376.987
722940,-12140.803,-117045.305,-78218.360,1.9720,141297.963,283198.653,134919.826
723180,-11986.002,-116655.558,-77997.777,1.9767,140839.756,283511.016,134461.619
723420,-11831.102,-116264.854,-77776.554,1.9813,140380.495,283824.184,134002.358
723660,-11676.102,-115873.185,-77554.685,1.9860,139920.176,284138.163,133542.039
723900,-11521.004,-115480.546,-77332.166,1.9908,139458.790,284452.962,133080.653
724140,-11365.807,-115086.931,-77108.993,1.9955,138996.331,284768.588,132618.194
724380,-11210.512,-114692.333,-76885.161,2.0003,138532.793,285085.048,132154.656
724620,-11055.119,-114296.745,-76660.665,2.0052,138068.169,285402.349,131690.032
724860,-10899.628,-113900.162,-76435.501,2.0100,137602.451,285720.500,131224.314
725100,-10744.041,-113502.575,-76209.663,2.0149,137135.633,286039.507,130757.496
725340,-10588.357,-113103.979,-75983.148,2.0199,136667.707,286359.380,130289.570
725580,-10432.576,-112704.367,-75755.949,2.0248,136198.667,286680.125,129820.530
725820,-10276.700,-112303.732,-75528.061,2.0298,135728.504,287001.751,129350.367
726060,-10120.729,-111902.066,-75299.481,2.0349,135257.212,287324.266,128879.075
726300,-9964.662,-111499.363,-75070.202,2.0399,134784.783,287647.678,128406.646
726540,-9808.502,-111095.616,-74840.220,2.0450,134311.209,287971.996,127933.072
726780,-9652.247,-110690.816,-74609.528,2.0502,133836.484,288297.227,127458.347
727020,-9495.899,-110284.958,-74378.122,2.0553,133360.598,288623.381,126982.461
727260,-9339.458,-109878.033,-74145.997,2.0606,132883.544,288950.466,126505.407
727500,-9182.925,-109470.033,-73913.146,2.0658,132405.315,289278.492,126027.178
727740,-9026.300,-109060.952,-73679.564,2.0711,131925.902,289607.466,125547.765
727980,-8869.584,-108650.782,-73445.246,2.0764,131445.297,289937.399,125067.160
728220,-8712.777,-108239.513,-73210.185,2.0818,130963.491,290268.298,124585.354
728460,-8555.881,-107827.140,-72974.377,2.0872,130480.477,290600.174,124102.340
728700,-8398.895,-107413.653,-72737.814,2.0926,129996.245,290933.037,123618.108
728940,-8241.820,-106999.044,-72500.492,2.0981,129510.788,291266.894,123132.651
729180,-8084.657,-106583.305,-72262.403,2.1036,129024.096,291601.757,122645.959
729420,-7927.407,-106166.428,-72023.542,2.1092,128536.161,291937.636,122158.024
729660,-7770.070,-105748.403,-71783.903,2.1148,128046.974,292274.539,121668.837
729900,-7612.648,-105329.224,-71543.479,2.1205,127556.525,292612.477,121178.388
730140,-7455.140,-104908.880,-71302.264,2.1261,127064.806,292951.462,120686.669
730380,-7297.548,-104487.362,-71060.250,2.1319,126571.807,293291.502,120193.670
730620,-7139.873,-104064.663,-70817.433,2.1377,126077.519,293632.608,119699.382
730860,-6982.115,-103640.772,-70573.804,2.1435,125581.931,293974.792,119203.794
731100,-6824.275,-103215.681,-70329.358,2.1494,125085.035,294318.064,118706.898
731340,-6666.354,-102789.380,-70084.086,2.1553,124586.821,294662.436,118208.684
731580,-6508.354,-102361.859,-69837.983,2.1612,124087.279,295007.918,117709.142
731820,-6350.274,-101933.109,-69591.041,2.1673,123586.397,295354.522,117208.260
732060,-6192.116,-101503.120,-69343.252,2.1733,123084.167,295702.259,116706.030
732300,-6033.881,-101071.882,-69094.610,2.1794,122580.578,296051.142,116202.441
732540,-5875.570,-100639.385,-68845.107,2.1856,122075.619,296401.181,115697.482
732780,-5717.184,-100205.619,-68594.735,2.1918,121569.280,296752.390,115191.143
733020,-5558.724,-99770.573,-68343.487,2.1981,121061.550,297104.781,114683.413
733260,-5400.192,-99334.236,-68091.355,2.2044,120552.417,297458.366,114174.280
733500,-5241.588,-98896.599,-67838.330,2.2107,120041.870,297813.158,113663.733
733740,-5082.913,-98457.651,-67584.405,2.2172,119529.899,298169.169,113151.762
733980,-4924.169,-98017.379,-67329.572,2.2236,119016.492,298526.414,112638.355
734220,-4765.358,-97575.773,-67073.822,2.2302,118501.636,298884.904,112123.499
734460,-4606.480,-97132.822,-66817.147,2.2368,117985.321,299244.655,111607.184
734700,-4447.537,-96688.513,-66559.538,2.2434,117467.533,299605.678,111089.396
734940,-4288.530,-96242.836,-66300.986,2.2501,116948.261,299967.990,110570.124
735180,-4129.461,-95795.779,-66041.483,2.2569,116427.493,300331.603,110049.356
735420,-3970.330,-95347.328,-65781.019,2.2637,115905.216,300696.532,109527.079
735660,-3811.141,-94897.472,-65519.586,2.2706,115381.416,301062.792,109003.279
735900,-3651.894,-94446.199,-65257.173,2.2775,114856.082,301430.399,108477.945
736140,-3492.591,-93993.495,-64993.772,2.2845,114329.199,301799.366,107951.062
736380,-3333.233,-93539.348,-64729.372,2.2916,113800.755,302169.710,107422.618
736620,-3173.823,-93083.745,-64463.964,2.2988,113270.735,302541.446,106892.598
736860,-3014.362,-92626.672,-64197.538,2.3060,112739.126,302914.590,106360.989
737100,-2854.852,-92168.115,-63930.084,2.3132,112205.914,303289.159,105827.777
737340,-2695.294,-91708.061,-63661.590,2.3206,111671.085,303665.170,105292.948
737580,-2535.692,-91246.496,-63392.047,2.3280,111134.623,304042.638,104756.486
737820,-2376.046,-90783.406,-63121.444,2.3355,110596.515,304421.582,104218.378
738060,-2216.360,-90318.775,-62849.770,2.3430,110056.744,304802.018,103678.607
738300,-2056.634,-89852.590,-62577.013,2.3506,109515.297,305183.966,103137.160
738540,-1896.872,-89384.834,-62303.163,2.3583,108972.157,305567.442,102594.020
738780,-1737.076,-88915.494,-62028.208,2.3661,108427.308,305952.465,102049.171
739020,-1577.248,-88444.553,-61752.135,2.3740,107880.734,306339.055,101502.597
739260,-1417.390,-87971.995,-61474.934,2.3819,107332.420,306727.229,100954.283
739500,-1257.505,-87497.804,-61196.591,2.3899,106782.348,307117.009,100404.211
739740,-1097.595,-87021.964,-60917.094,2.3980,106230.501,307508.414,99852.364
739980,-937.665,-86544.459,-60636.431,2.4062,105676.863,307901.463,99298.726
740220,-777.715,-86065.270,-60354.588,2.4145,105121.415,308296.179,98743.278
740460,-617.749,-85584.381,-60071.552,2.4228,104564.140,308692.581,98186.003
740700,-457.770,-85101.774,-59787.311,2.4313,104005.019,309090.692,97626.882
740940,-297.781,-84617.431,-59501.849,2.4398,103444.034,309490.533,97065.897
741180,-137.785,-84131.333,-59215.153,2.4484,102881.167,309892.127,96503.030
741420,22.214,-83643.462,-58927.209,2.4571,102316.398,310295.497,95938.261
741660,182.213,-83153.799,-58638.002,2.4660,101749.706,310700.666,95371.569
741900,342.209,-82662.324,-58347.517,2.4749,101181.074,311107.657,94802.937
742140,502.198,-82169.018,-58055.739,2.4839,100610.479,311516.496,94232.342
742380,662.177,-81673.860,-57762.652,2.4930,100037.902,311927.207,93659.765
742620,822.140,-81176.830,-57468.240,2.5022,99463.321,312339.814,93085.184
742860,982.085,-80677.906,-57172.488,2.5115,98886.715,312754.345,92508.578
743100,1142.008,-80177.067,-56875.379,2.5210,98308.062,313170.826,91929.925
743340,1301.903,-79674.291,-56576.895,2.5305,97727.338,313589.283,91349.201
743580,1461.767,-79169.556,-56277.019,2.5401,97144.523,314009.744,90766.386
743820,1621.595,-78662.839,-55975.734,2.5499,96559.592,314432.237,90181.455
744060,1781.382,-78154.117,-55673.022,2.5598,95972.521,314856.792,89594.384
744300,1941.124,-77643.365,-55368.864,2.5698,95383.286,315283.437,89005.149
744540,2100.814,-77130.560,-55063.241,2.5799,94791.863,315712.203,88413.726
744780,2260.449,-76615.676,-54756.134,2.5902,94198.225,316143.121,87820.088
745020,2420.022,-76098.688,-54447.523,2.6005,93602.348,316576.222,87224.211
745260,2579.528,-75579.570,-54137.388,2.6110,93004.205,317011.539,86626.068
745500,2738.960,-75058.296,-53825.708,2.6217,92403.769,317449.104,86025.632
745740,2898.314,-74534.838,-53512.461,2.6325,91801.012,317888.951,85422.875
745980,3057.582,-74009.169,-53197.627,2.6434,91195.907,318331.116,84817.770
746220,3216.758,-73481.260,-52881.182,2.6545,90588.424,318775.633,84210.287
746460,3375.835,-72951.082,-52563.104,2.6657,89978.534,319222.539,83600.397
746700,3534.806,-72418.606,-52243.370,2.6770,89366.207,319671.872,82988.070
746940,3693.664,-71883.800,-51921.955,2.6885,88751.413,320123.669,82373.276
747180,3852.402,-71346.634,-51598.835,2.7002,88134.119,320577.970,81755.982
747420,4011.010,-70807.076,-51273.984,2.7120,87514.294,321034.815,81136.157
747660,4169.482,-70265.093,-50947.377,2.7240,86891.905,321494.245,80513.768
747900,4327.808,-69720.652,-50618.987,2.7362,86266.918,321956.302,79888.781
748140,4485.980,-69173.717,-50288.787,2.7486,85639.298,322421.031,79261.161
748380,4643.988,-68624.255,-49956.749,2.7611,85009.010,322888.475,78630.873
748620,4801.823,-68072.228,-49622.844,2.7738,84376.018,323358.680,77997.881
748860,4959.475,-67517.600,-49287.042,2.7867,83740.284,323831.694,77362.147
749100,5116.934,-66960.332,-48949.313,2.7998,83101.771,324307.565,76723.634
749340,5274.188,-66400.387,-48609.626,2.8131,82460.440,324786.342,76082.303
749580,5431.227,-65837.722,-48267.948,2.8266,81816.250,325268.078,75438.113
749820,5588.039,-65272.299,-47924.247,2.8403,81169.160,325752.823,74791.023
750060,5744.611,-64704.073,-47578.489,2.8542,80519.129,326240.633,74140.992
750300,5900.931,-64133.002,-47230.638,2.8683,79866.113,326731.564,73487.976
750540,6056.985,-63559.041,-46880.658,2.8827,79210.068,327225.672,72831.931
750780,6212.760,-62982.144,-46528.512,2.8973,78550.948,327723.017,72172.811
751020,6368.241,-62402.265,-46174.163,2.9122,77888.706,328223.659,71510.569
751260,6523.413,-61819.353,-45817.570,2.9273,77223.294,328727.662,70845.157
751500,6678.260,-61233.360,-45458.692,2.9426,76554.662,329235.091,70176.525
751740,6832.766,-60644.234,-45097.489,2.9583,75882.760,329746.011,69504.623
751980,6986.913,-60051.922,-44733.915,2.9742,75207.536,330260.493,68829.399
752151,7096.759,-59626.974,-44472.814,2.9857,74723.297,330630.101,68345.160
752399,7255.361,-59009.695,-44093.448,3.0027,74020.379,331167.552,67642.242
752639,7408.615,-58408.223,-43723.351,3.0194,73335.799,331692.107,66957.662
752879,7561.438,-57803.350,-43350.708,3.0364,72647.688,332220.502,66269.551
753119,7713.809,-57195.017,-42975.470,3.0537,71955.985,332752.818,65577.848
753359,7865.705,-56583.159,-42597.583,3.0714,71260.629,333289.138,64882.492
753599,8017.102,-55967.712,-42216.993,3.0894,70561.556,333829.549,64183.419
753839,8167.975,-55348.607,-41833.644,3.1077,69858.699,334374.141,63480.562
754079,8318.299,-54725.775,-41447.478,3.1264,69151.992,334923.005,62773.855
754319,8468.045,-54099.144,-41058.433,3.1455,68441.363,335476.239,62063.226
754559,8617.185,-53468.639,-40666.449,3.1650,67726.740,336033.941,61348.603
754799,8765.689,-52834.182,-40271.458,3.1849,67008.048,336596.215,60629.911
755039,8913.524,-52195.694,-39873.395,3.2052,66285.210,337163.169,59907.073
755279,9060.656,-51553.092,-39472.187,3.2259,65558.145,337734.914,59180.008
755519,9207.050,-50906.289,-39067.764,3.2471,64826.770,338311.567,58448.633
755759,9352.669,-50255.195,-38660.047,3.2688,64091.000,338893.247,57712.863
755999,9497.472,-49599.720,-38248.959,3.2909,63350.746,339480.082,56972.609
756239,9641.417,-48939.765,-37834.416,3.3136,62605.915,340072.202,56227.778
756479,9784.461,-48275.232,-37416.333,3.3368,61856.412,340669.744,55478.275
756719,9926.555,-47606.015,-36994.621,3.3605,61102.137,341272.850,54724.000
756959,10067.650,-46932.007,-36569.184,3.3849,60342.987,341881.669,53964.850
757199,10207.694,-46253.096,-36139.926,3.4098,59578.856,342496.356,53200.719
757439,10346.629,-45569.163,-35706.744,3.4354,58809.633,343117.076,52431.496
757679,10484.397,-44880.086,-35269.531,3.4616,58035.201,343743.996,51657.064
757919,10620.933,-44185.738,-34828.175,3.4885,57255.440,344377.297,50877.303
758159,10756.169,-43485.985,-34382.558,3.5162,56470.225,345017.164,50092.088
758399,10890.034,-42780.687,-33932.557,3.5446,55679.426,345663.795,49301.289
758639,11022.451,-42069.699,-33478.042,3.5737,54882.905,346317.395,48504.768
758879,11153.337,-41352.868,-33018.877,3.6038,54080.522,346978.181,47702.385
759119,11282.603,-40630.034,-32554.918,3.6347,53272.127,347646.381,46893.990
759359,11410.156,-39901.030,-32086.015,3.6665,52457.566,348322.235,46079.429
759599,11535.893,-39165.679,-31612.007,3.6993,51636.675,349005.997,45258.538
759839,11659.707,-38423.797,-31132.727,3.7331,50809.287,349697.934,44431.150
760079,11781.479,-37675.189,-30647.996,3.7680,49975.222,350398.331,43597.085
760319,11901.083,-36919.650,-30157.627,3.8041,49134.294,351107.485,42756.157
760559,12018.383,-36156.964,-29661.420,3.8413,48286.307,351825.716,41908.170
760799,12133.232,-35386.904,-29159.162,3.8799,47431.056,352553.360,41052.919
761039,12245.469,-34609.230,-28650.629,3.9198,46568.325,353290.777,40190.188
761279,12354.921,-33823.687,-28135.581,3.9612,45697.886,354038.347,39319.749
761519,12461.400,-33030.005,-27613.763,4.0041,44819.500,354796.479,38441.363
761759,12564.700,-32227.899,-27084.900,4.0487,43932.915,355565.606,37554.778
761999,12664.596,-31417.066,-26548.702,4.0950,43037.863,356346.195,36659.726
762239,12760.843,-30597.184,-26004.856,4.1433,42134.063,357138.745,35755.926
762479,12853.171,-29767.908,-25453.025,4.1935,41221.218,357943.791,34843.081
762719,12941.284,-28928.874,-24892.848,4.2460,40299.013,358761.912,33920.876
762959,13024.854,-28079.689,-24323.936,4.3007,39367.113,359593.729,32988.976
763199,13103.520,-27219.935,-23745.866,4.3581,38425.164,360439.915,32047.027
763439,13176.879,-26349.164,-23158.184,4.4182,37472.791,361301.200,31094.654
763679,13244.486,-25466.894,-22560.392,4.4812,36509.593,362178.378,30131.456
763919,13305.839,-24572.606,-21951.953,4.5475,35535.145,363072.311,29157.008
764159,13360.378,-23665.742,-21332.276,4.6174,34548.995,363983.944,28170.858
764399,13407.474,-22745.700,-20700.716,4.6912,33550.661,364914.311,27172.524
764639,13446.410,-21811.826,-20056.566,4.7692,32539.630,365864.552,26161.493
764879,13476.378,-20863.413,-19399.042,4.8520,31515.354,366835.922,25137.217
765119,13496.450,-19899.692,-18727.280,4.9400,30477.252,367829.812,24099.115
765359,13505.563,-18919.827,-18040.319,5.0338,29424.704,368847.771,23046.567
765599,13502.490,-17922.906,-17337.088,5.1341,28357.052,369891.528,21978.915
765839,13485.802,-16907.932,-16616.387,5.2417,27273.602,370963.024,20895.465
766079,13453.828,-15873.817,-15876.865,5.3576,26173.620,372064.445,19795.483
766319,13404.598,-14819.368,-15116.993,5.4829,25056.344,373198.273,18678.207
766559,13335.767,-13743.282,-14335.034,5.6189,23920.988,374367.335,17542.851
766799,13244.520,-12644.135,-13529.002,5.7673,22766.760,375574.873,16388.623
767039,13127.443,-11520.381,-12696.615,5.9300,21592.891,376824.626,15214.754
767279,12980.349,-10370.347,-11835.232,6.1096,20398.683,378120.936,14020.546
767519,12798.037,-9192.261,-10941.787,6.3089,19183.590,379468.875,12805.453
767759,12573.959,-7984.285,-10012.697,6.5318,17947.350,380874.401,11569.213
767999,12299.743,-6744.620,-9043.770,6.7831,16690.218,382344.550,10312.081
768239,11964.507,-5471.701,-8030.100,7.0688,15413.352,383887.643,9035.215
768479,11553.851,-4164.586,-6965.991,7.3965,14119.500,385513.492,7741.363
768719,11048.375,-2823.733,-5844.985,7.7757,12814.208,387233.488,6436.071
768951,10443.634,-1496.511,-4698.890,8.2023,11549.398,389000.485,5171.261
769014,10255.848,-1132.360,-4376.796,8.3297,11208.077,389498.773,4829.940
769077,10056.758,-767.381,-4050.167,8.4620,10868.814,390004.894,4490.677
769140,9845.277,-401.462,-3718.547,8.5996,10531.774,390519.627,4153.637
769420,8731.609,1221.490,-2186.331,9.2763,9083.671,392910.675,2705.534
769660,7488.701,2574.151,-799.359,9.9230,7959.012,395096.990,1580.875
769900,5906.546,3804.943,620.183,10.5519,7053.333,397363.982,675.196
770140,3946.313,4784.654,1994.591,10.9854,6514.959,399600.823,136.822
